Run,Assay Type,AvgSpotLen,Bases,BioProject,BioSample,Bytes,Center Name,Consent,DATASTORE filetype,DATASTORE provider,DATASTORE region,Experiment,GEO_Accession (exp),Instrument,LibraryLayout,LibrarySelection,LibrarySource,Organism,Platform,ReleaseDate,Sample Name,source_name,SRA Study,strain,subtype,library_strategy,Replicate,Antibody
SRR4785508,ChIP-Seq,50,1883919050,PRJNA352070,SAMN05963650,892809703,GEO,public,"fastq,sra","s3,ncbi,gs","ncbi.public,gs.US,s3.us-east-1",SRX2315739,GSM2370654,Illumina HiSeq 4000,SINGLE,ChIP,GENOMIC,Mus musculus,ILLUMINA,2017-02-21T00:00:00Z,GSM2370654,CD8+ T cell,SRP092407,C57BL/6,Ezh2 fl/fl Cd4wt,,,"H3K27me3 antibody (Millipore\, 07-449\, lot 2652971)"
SRR4785509,ChIP-Seq,50,2823249650,PRJNA352070,SAMN05963649,1338027021,GEO,public,"fastq,sra","ncbi,s3,gs","s3.us-east-1,gs.US,ncbi.public",SRX2315740,GSM2370655,Illumina HiSeq 4000,SINGLE,ChIP,GENOMIC,Mus musculus,ILLUMINA,2017-02-21T00:00:00Z,GSM2370655,CD8+ T cell,SRP092407,C57BL/6,Ezh2 fl/fl Cd4wt,,,"H3K27me3 antibody (Millipore\, 07-449\, lot 2652971)"
SRR4785510,ChIP-Seq,50,2145548100,PRJNA352070,SAMN05963652,1015449603,GEO,public,"sra,fastq","gs,s3,ncbi","ncbi.public,gs.US,s3.us-east-1",SRX2315741,GSM2370656,Illumina HiSeq 4000,SINGLE,ChIP,GENOMIC,Mus musculus,ILLUMINA,2017-02-21T00:00:00Z,GSM2370656,CD8+ T cell,SRP092407,C57BL/6,Ezh2 fl/fl Cd4Cre,,,"H3K27me3 antibody (Millipore\, 07-449\, lot 2652971)"
SRR4785511,ChIP-Seq,50,2659035100,PRJNA352070,SAMN05963651,1257551933,GEO,public,"fastq,sra","ncbi,gs,s3","ncbi.public,s3.us-east-1,gs.US",SRX2315742,GSM2370657,Illumina HiSeq 4000,SINGLE,ChIP,GENOMIC,Mus musculus,ILLUMINA,2017-02-21T00:00:00Z,GSM2370657,CD8+ T cell,SRP092407,C57BL/6,Ezh2 fl/fl Cd4Cre,,,"H3K27me3 antibody (Millipore\, 07-449\, lot 2652971)"
SRR4785512,ChIP-Seq,50,3505884250,PRJNA352070,SAMN05963592,1668206137,GEO,public,"fastq,sra","ncbi,s3,gs","s3.us-east-1,ncbi.public,gs.US",SRX2315743,GSM2370658,Illumina HiSeq 4000,SINGLE,ChIP,GENOMIC,Mus musculus,ILLUMINA,2017-02-21T00:00:00Z,GSM2370658,CD8+ T cell,SRP092407,C57BL/6,Ezh2 fl/fl Cd4wt,,,none
SRR4785513,ChIP-Seq,50,4005903100,PRJNA352070,SAMN05963870,1909395764,GEO,public,"fastq,sra","gs,s3,ncbi","ncbi.public,gs.US,s3.us-east-1",SRX2315744,GSM2370659,Illumina HiSeq 4000,SINGLE,ChIP,GENOMIC,Mus musculus,ILLUMINA,2017-02-21T00:00:00Z,GSM2370659,CD8+ T cell,SRP092407,C57BL/6,Ezh2 fl/fl Cd4wt,,,none
SRR4785514,ChIP-Seq,50,4781356500,PRJNA352070,SAMN05963835,2277591658,GEO,public,"fastq,sra","gs,ncbi,s3","s3.us-east-1,ncbi.public,gs.US",SRX2315745,GSM2370660,Illumina HiSeq 4000,SINGLE,ChIP,GENOMIC,Mus musculus,ILLUMINA,2017-02-21T00:00:00Z,GSM2370660,CD8+ T cell,SRP092407,C57BL/6,Ezh2 fl/fl Cd4Cre,,,none
SRR4785515,ChIP-Seq,50,3567051050,PRJNA352070,SAMN05963834,1704190577,GEO,public,"fastq,sra","ncbi,gs,s3","s3.us-east-1,ncbi.public,gs.US",SRX2315746,GSM2370661,Illumina HiSeq 4000,SINGLE,ChIP,GENOMIC,Mus musculus,ILLUMINA,2017-02-21T00:00:00Z,GSM2370661,CD8+ T cell,SRP092407,C57BL/6,Ezh2 fl/fl Cd4Cre,,,none
SRR4785516,ChIP-Seq,50,844891400,PRJNA352070,SAMN05963648,337219726,GEO,public,"fastq,sra","gs,ncbi,s3","s3.us-east-1,ncbi.public,gs.US",SRX2315747,GSM2370662,Illumina HiSeq 4000,SINGLE,ChIP,GENOMIC,Mus musculus,ILLUMINA,2017-02-21T00:00:00Z,GSM2370662,CD8+ T cell,SRP092407,C57BL/6,wild type,,,"Ezh2 antibody (Santa Cruz H-80\,sc-25383\,H0213)"
SRR4785517,ChIP-Seq,50,1400733950,PRJNA352070,SAMN05963653,579711475,GEO,public,"sra,fastq","s3,gs,ncbi","gs.US,s3.us-east-1,ncbi.public",SRX2315748,GSM2370663,Illumina HiSeq 4000,SINGLE,ChIP,GENOMIC,Mus musculus,ILLUMINA,2017-02-21T00:00:00Z,GSM2370663,CD8+ T cell,SRP092407,C57BL/6,wild type,,,"H3K27me3 antibody (Millipore\, 07-449\, lot 2652971)"
SRR4785518,ChIP-Seq,50,1268008250,PRJNA352070,SAMN05963893,527360344,GEO,public,"sra,fastq","ncbi,s3,gs","ncbi.public,s3.us-east-1,gs.US",SRX2315749,GSM2370664,Illumina HiSeq 4000,SINGLE,ChIP,GENOMIC,Mus musculus,ILLUMINA,2017-02-21T00:00:00Z,GSM2370664,CD8+ T cell,SRP092407,C57BL/6,wild type,,,"PolII antibody (Millipore\,CTD4H8\,05-623B\,2691697)"
SRR4785519,ChIP-Seq,50,805907450,PRJNA352070,SAMN05963891,340969791,GEO,public,"fastq,sra","gs,s3,ncbi","ncbi.public,gs.US,s3.us-east-1",SRX2315750,GSM2370665,Illumina HiSeq 4000,SINGLE,ChIP,GENOMIC,Mus musculus,ILLUMINA,2017-02-21T00:00:00Z,GSM2370665,CD8+ T cell,SRP092407,C57BL/6,wild type,,,none
SRR4785520,RNA-Seq,50,2897314850,PRJNA352070,SAMN05963894,1012152323,GEO,public,"sra,fastq","ncbi,gs,s3","ncbi.public,gs.US,s3.us-east-1",SRX2315751,GSM2370666,Illumina HiSeq 4000,SINGLE,cDNA,TRANSCRIPTOMIC,Mus musculus,ILLUMINA,2017-02-21T00:00:00Z,GSM2370666,CD8+ T cell,SRP092407,C57BL/6,Ezh2 fl/fl Cd4wt,Bulk RNA-Seq,,
SRR4785521,RNA-Seq,50,2740845450,PRJNA352070,SAMN05963833,960623631,GEO,public,"sra,fastq","s3,gs,ncbi","gs.US,ncbi.public,s3.us-east-1",SRX2315752,GSM2370667,Illumina HiSeq 4000,SINGLE,cDNA,TRANSCRIPTOMIC,Mus musculus,ILLUMINA,2017-02-21T00:00:00Z,GSM2370667,CD8+ T cell,SRP092407,C57BL/6,Ezh2 fl/fl Cd4wt,Bulk RNA-Seq,,
SRR4785522,RNA-Seq,50,2865042150,PRJNA352070,SAMN05963832,1000064017,GEO,public,"sra,fastq","s3,gs,ncbi","ncbi.public,s3.us-east-1,gs.US",SRX2315753,GSM2370668,Illumina HiSeq 4000,SINGLE,cDNA,TRANSCRIPTOMIC,Mus musculus,ILLUMINA,2017-02-21T00:00:00Z,GSM2370668,CD8+ T cell,SRP092407,C57BL/6,Ezh2 fl/fl Cd4Cre,Bulk RNA-Seq,,
SRR4785523,RNA-Seq,50,2578142600,PRJNA352070,SAMN05963831,902148429,GEO,public,"sra,fastq","ncbi,gs,s3","gs.US,s3.us-east-1,ncbi.public",SRX2315754,GSM2370669,Illumina HiSeq 4000,SINGLE,cDNA,TRANSCRIPTOMIC,Mus musculus,ILLUMINA,2017-02-21T00:00:00Z,GSM2370669,CD8+ T cell,SRP092407,C57BL/6,Ezh2 fl/fl Cd4Cre,Bulk RNA-Seq,,
SRR4785524,RNA-Seq,200,1178136600,PRJNA352070,SAMN05963892,830346919,GEO,public,"fastq,sra","ncbi,s3,gs","gs.US,s3.us-east-1,ncbi.public",SRX2315755,GSM2370670,Illumina HiSeq 2500,PAIRED,cDNA,TRANSCRIPTOMIC,Mus musculus,ILLUMINA,2017-02-21T00:00:00Z,GSM2370670,CD8+ T cell,SRP092407,C57BL/6,Tcm,Single Cell RNAseq,,
SRR4785525,RNA-Seq,200,887553800,PRJNA352070,SAMN05963890,643473860,GEO,public,"sra,fastq","s3,ncbi,gs","gs.US,ncbi.public,s3.us-east-1",SRX2315756,GSM2370671,Illumina HiSeq 2500,PAIRED,cDNA,TRANSCRIPTOMIC,Mus musculus,ILLUMINA,2017-02-21T00:00:00Z,GSM2370671,CD8+ T cell,SRP092407,C57BL/6,Tem,Single Cell RNAseq,,
SRR4785526,RNA-Seq,200,6798863400,PRJNA352070,SAMN05963889,4898780759,GEO,public,"fastq,sra","s3,ncbi,gs","ncbi.public,gs.US,s3.us-east-1",SRX2315757,GSM2370672,Illumina HiSeq 2500,PAIRED,cDNA,TRANSCRIPTOMIC,Mus musculus,ILLUMINA,2017-02-21T00:00:00Z,GSM2370672,CD8+ T cell,SRP092407,C57BL/6,Tem,Single Cell RNAseq,,
SRR4785527,RNA-Seq,200,986768800,PRJNA352070,SAMN05963895,698578997,GEO,public,"fastq,sra","s3,gs,ncbi","gs.US,s3.us-east-1,ncbi.public",SRX2315758,GSM2370673,Illumina HiSeq 2500,PAIRED,cDNA,TRANSCRIPTOMIC,Mus musculus,ILLUMINA,2017-02-21T00:00:00Z,GSM2370673,CD8+ T cell,SRP092407,C57BL/6,Naive,Single Cell RNAseq,,
SRR4785528,RNA-Seq,200,1775959400,PRJNA352070,SAMN05963888,1253013152,GEO,public,"fastq,sra","gs,ncbi,s3","ncbi.public,gs.US,s3.us-east-1",SRX2315759,GSM2370674,Illumina HiSeq 2500,PAIRED,cDNA,TRANSCRIPTOMIC,Mus musculus,ILLUMINA,2017-02-21T00:00:00Z,GSM2370674,CD8+ T cell,SRP092407,C57BL/6,Naive,Single Cell RNAseq,,
SRR4785529,RNA-Seq,200,2630555200,PRJNA352070,SAMN05963887,1867109437,GEO,public,"sra,fastq","s3,gs,ncbi","gs.US,s3.us-east-1,ncbi.public",SRX2315760,GSM2370675,Illumina HiSeq 2500,PAIRED,cDNA,TRANSCRIPTOMIC,Mus musculus,ILLUMINA,2017-02-21T00:00:00Z,GSM2370675,CD8+ T cell,SRP092407,C57BL/6,Div1te,Single Cell RNAseq,,
SRR4785530,RNA-Seq,200,1511667400,PRJNA352070,SAMN05963886,1088380877,GEO,public,"sra,fastq","s3,ncbi,gs","ncbi.public,gs.US,s3.us-east-1",SRX2315761,GSM2370676,Illumina HiSeq 2500,PAIRED,cDNA,TRANSCRIPTOMIC,Mus musculus,ILLUMINA,2017-02-21T00:00:00Z,GSM2370676,CD8+ T cell,SRP092407,C57BL/6,Div1te,Single Cell RNAseq,3D9,
SRR4785531,RNA-Seq,200,2931869800,PRJNA352070,SAMN05963885,2090291444,GEO,public,"sra,fastq","s3,gs,ncbi","gs.US,s3.us-east-1,ncbi.public",SRX2315762,GSM2370677,Illumina HiSeq 2500,PAIRED,cDNA,TRANSCRIPTOMIC,Mus musculus,ILLUMINA,2017-02-21T00:00:00Z,GSM2370677,CD8+ T cell,SRP092407,C57BL/6,Day4,Single Cell RNAseq,,
SRR4785532,RNA-Seq,200,1708122400,PRJNA352070,SAMN05963884,1219998224,GEO,public,"sra,fastq","s3,gs,ncbi","ncbi.public,gs.US,s3.us-east-1",SRX2315763,GSM2370678,Illumina HiSeq 2500,PAIRED,cDNA,TRANSCRIPTOMIC,Mus musculus,ILLUMINA,2017-02-21T00:00:00Z,GSM2370678,CD8+ T cell,SRP092407,C57BL/6,Day4,Single Cell RNAseq,,
SRR4785533,RNA-Seq,200,1938659200,PRJNA352070,SAMN05963883,1380359136,GEO,public,"fastq,sra","ncbi,s3,gs","s3.us-east-1,gs.US,ncbi.public",SRX2315764,GSM2370679,Illumina HiSeq 2500,PAIRED,cDNA,TRANSCRIPTOMIC,Mus musculus,ILLUMINA,2017-02-21T00:00:00Z,GSM2370679,CD8+ T cell,SRP092407,C57BL/6,Day7,Single Cell RNAseq,,
SRR4785534,RNA-Seq,200,1814722200,PRJNA352070,SAMN05963882,1283896961,GEO,public,"sra,fastq","s3,gs,ncbi","gs.US,s3.us-east-1,ncbi.public",SRX2315765,GSM2370680,Illumina HiSeq 2500,PAIRED,cDNA,TRANSCRIPTOMIC,Mus musculus,ILLUMINA,2017-02-21T00:00:00Z,GSM2370680,CD8+ T cell,SRP092407,C57BL/6,Day7,Single Cell RNAseq,,
SRR4785535,RNA-Seq,200,3474822000,PRJNA352070,SAMN05963881,2461070895,GEO,public,"sra,fastq","gs,s3,ncbi","s3.us-east-1,ncbi.public,gs.US",SRX2315766,GSM2370681,Illumina HiSeq 2500,PAIRED,cDNA,TRANSCRIPTOMIC,Mus musculus,ILLUMINA,2017-02-21T00:00:00Z,GSM2370681,CD8+ T cell,SRP092407,C57BL/6,Tcm,Single Cell RNAseq,3B9,
SRR4785536,RNA-Seq,200,759438200,PRJNA352070,SAMN05963880,542591679,GEO,public,"fastq,sra","ncbi,gs,s3","gs.US,ncbi.public,s3.us-east-1",SRX2315767,GSM2370682,Illumina HiSeq 2500,PAIRED,cDNA,TRANSCRIPTOMIC,Mus musculus,ILLUMINA,2017-02-21T00:00:00Z,GSM2370682,CD8+ T cell,SRP092407,C57BL/6,Tcm,Single Cell RNAseq,,
SRR4785537,RNA-Seq,200,2323876200,PRJNA352070,SAMN05963879,1673079995,GEO,public,"sra,fastq","s3,ncbi,gs","gs.US,s3.us-east-1,ncbi.public",SRX2315768,GSM2370683,Illumina HiSeq 2500,PAIRED,cDNA,TRANSCRIPTOMIC,Mus musculus,ILLUMINA,2017-02-21T00:00:00Z,GSM2370683,CD8+ T cell,SRP092407,C57BL/6,Tem,Single Cell RNAseq,,
SRR4785538,RNA-Seq,200,1847214600,PRJNA352070,SAMN05963878,1337568299,GEO,public,"fastq,sra","gs,s3,ncbi","s3.us-east-1,gs.US,ncbi.public",SRX2315769,GSM2370684,Illumina HiSeq 2500,PAIRED,cDNA,TRANSCRIPTOMIC,Mus musculus,ILLUMINA,2017-02-21T00:00:00Z,GSM2370684,CD8+ T cell,SRP092407,C57BL/6,Tem,Single Cell RNAseq,,
SRR4785539,RNA-Seq,200,730640800,PRJNA352070,SAMN05963876,521568582,GEO,public,"sra,contigs,fastq","gs,ncbi,s3","gs.US,ncbi.public,s3.us-east-1",SRX2315770,GSM2370685,Illumina HiSeq 2500,PAIRED,cDNA,TRANSCRIPTOMIC,Mus musculus,ILLUMINA,2017-02-21T00:00:00Z,GSM2370685,CD8+ T cell,SRP092407,C57BL/6,Naive,Single Cell RNAseq,,
SRR4785540,RNA-Seq,200,2666386400,PRJNA352070,SAMN05963877,1884057802,GEO,public,"fastq,sra","ncbi,gs,s3","gs.US,ncbi.public,s3.us-east-1",SRX2315771,GSM2370686,Illumina HiSeq 2500,PAIRED,cDNA,TRANSCRIPTOMIC,Mus musculus,ILLUMINA,2017-02-21T00:00:00Z,GSM2370686,CD8+ T cell,SRP092407,C57BL/6,Naive,Single Cell RNAseq,,
SRR4785541,RNA-Seq,200,2805299200,PRJNA352070,SAMN05963875,2013566969,GEO,public,"sra,fastq","ncbi,s3,gs","s3.us-east-1,ncbi.public,gs.US",SRX2315772,GSM2370687,Illumina HiSeq 2500,PAIRED,cDNA,TRANSCRIPTOMIC,Mus musculus,ILLUMINA,2017-02-21T00:00:00Z,GSM2370687,CD8+ T cell,SRP092407,C57BL/6,Div1te,Single Cell RNAseq,,
SRR4785542,RNA-Seq,200,2354714000,PRJNA352070,SAMN05963874,1691339986,GEO,public,"fastq,sra","gs,ncbi,s3","gs.US,ncbi.public,s3.us-east-1",SRX2315773,GSM2370688,Illumina HiSeq 2500,PAIRED,cDNA,TRANSCRIPTOMIC,Mus musculus,ILLUMINA,2017-02-21T00:00:00Z,GSM2370688,CD8+ T cell,SRP092407,C57BL/6,Div1te,Single Cell RNAseq,,
SRR4785543,RNA-Seq,200,3144815800,PRJNA352070,SAMN05963873,2254251275,GEO,public,"sra,fastq","ncbi,s3,gs","s3.us-east-1,ncbi.public,gs.US",SRX2315774,GSM2370689,Illumina HiSeq 2500,PAIRED,cDNA,TRANSCRIPTOMIC,Mus musculus,ILLUMINA,2017-02-21T00:00:00Z,GSM2370689,CD8+ T cell,SRP092407,C57BL/6,Day4,Single Cell RNAseq,,
SRR4785544,RNA-Seq,200,3279830600,PRJNA352070,SAMN05963872,2356873037,GEO,public,"fastq,sra","ncbi,s3,gs","ncbi.public,gs.US,s3.us-east-1",SRX2315775,GSM2370690,Illumina HiSeq 2500,PAIRED,cDNA,TRANSCRIPTOMIC,Mus musculus,ILLUMINA,2017-02-21T00:00:00Z,GSM2370690,CD8+ T cell,SRP092407,C57BL/6,Day4,Single Cell RNAseq,,
SRR4785545,RNA-Seq,200,2884570800,PRJNA352070,SAMN05963871,2042182706,GEO,public,"fastq,sra","s3,gs,ncbi","gs.US,ncbi.public,s3.us-east-1",SRX2315776,GSM2370691,Illumina HiSeq 2500,PAIRED,cDNA,TRANSCRIPTOMIC,Mus musculus,ILLUMINA,2017-02-21T00:00:00Z,GSM2370691,CD8+ T cell,SRP092407,C57BL/6,Day7,Single Cell RNAseq,,
SRR4785546,RNA-Seq,200,896139000,PRJNA352070,SAMN05963865,639827103,GEO,public,"fastq,sra","ncbi,gs,s3","ncbi.public,s3.us-east-1,gs.US",SRX2315777,GSM2370692,Illumina HiSeq 2500,PAIRED,cDNA,TRANSCRIPTOMIC,Mus musculus,ILLUMINA,2017-02-21T00:00:00Z,GSM2370692,CD8+ T cell,SRP092407,C57BL/6,Day7,Single Cell RNAseq,,
SRR4785547,RNA-Seq,200,3150839400,PRJNA352070,SAMN05963864,2241993148,GEO,public,"sra,fastq","gs,s3,ncbi","gs.US,ncbi.public,s3.us-east-1",SRX2315778,GSM2370693,Illumina HiSeq 2500,PAIRED,cDNA,TRANSCRIPTOMIC,Mus musculus,ILLUMINA,2017-02-21T00:00:00Z,GSM2370693,CD8+ T cell,SRP092407,C57BL/6,Tcm,Single Cell RNAseq,,
SRR4785548,RNA-Seq,200,1074021000,PRJNA352070,SAMN05963863,761564620,GEO,public,"sra,fastq","ncbi,s3,gs","s3.us-east-1,ncbi.public,gs.US",SRX2315779,GSM2370694,Illumina HiSeq 2500,PAIRED,cDNA,TRANSCRIPTOMIC,Mus musculus,ILLUMINA,2017-02-21T00:00:00Z,GSM2370694,CD8+ T cell,SRP092407,C57BL/6,Tcm,Single Cell RNAseq,,
SRR4785549,RNA-Seq,200,3069610000,PRJNA352070,SAMN05963862,2200980714,GEO,public,"fastq,sra","s3,ncbi,gs","ncbi.public,gs.US,s3.us-east-1",SRX2315780,GSM2370695,Illumina HiSeq 2500,PAIRED,cDNA,TRANSCRIPTOMIC,Mus musculus,ILLUMINA,2017-02-21T00:00:00Z,GSM2370695,CD8+ T cell,SRP092407,C57BL/6,Tem,Single Cell RNAseq,3A5,
SRR4785550,RNA-Seq,200,1260304600,PRJNA352070,SAMN05963861,904374679,GEO,public,"sra,fastq","gs,ncbi,s3","ncbi.public,gs.US,s3.us-east-1",SRX2315781,GSM2370696,Illumina HiSeq 2500,PAIRED,cDNA,TRANSCRIPTOMIC,Mus musculus,ILLUMINA,2017-02-21T00:00:00Z,GSM2370696,CD8+ T cell,SRP092407,C57BL/6,Tem,Single Cell RNAseq,,
SRR4785551,RNA-Seq,200,1359167600,PRJNA352070,SAMN05963860,968565016,GEO,public,"fastq,sra","s3,gs,ncbi","s3.us-east-1,ncbi.public,gs.US",SRX2315782,GSM2370697,Illumina HiSeq 2500,PAIRED,cDNA,TRANSCRIPTOMIC,Mus musculus,ILLUMINA,2017-02-21T00:00:00Z,GSM2370697,CD8+ T cell,SRP092407,C57BL/6,Naive,Single Cell RNAseq,,
SRR4785552,RNA-Seq,200,860709200,PRJNA352070,SAMN05963859,609225225,GEO,public,"fastq,sra","gs,s3,ncbi","ncbi.public,gs.US,s3.us-east-1",SRX2315783,GSM2370698,Illumina HiSeq 2500,PAIRED,cDNA,TRANSCRIPTOMIC,Mus musculus,ILLUMINA,2017-02-21T00:00:00Z,GSM2370698,CD8+ T cell,SRP092407,C57BL/6,Naive,Single Cell RNAseq,,
SRR4785553,RNA-Seq,200,1142649000,PRJNA352070,SAMN05963858,814433010,GEO,public,"sra,fastq","s3,ncbi,gs","gs.US,s3.us-east-1,ncbi.public",SRX2315784,GSM2370699,Illumina HiSeq 2500,PAIRED,cDNA,TRANSCRIPTOMIC,Mus musculus,ILLUMINA,2017-02-21T00:00:00Z,GSM2370699,CD8+ T cell,SRP092407,C57BL/6,Div1mem,Single Cell RNAseq,,
SRR4785554,RNA-Seq,200,2014806200,PRJNA352070,SAMN05963857,1437481310,GEO,public,"sra,fastq","s3,gs,ncbi","ncbi.public,gs.US,s3.us-east-1",SRX2315785,GSM2370700,Illumina HiSeq 2500,PAIRED,cDNA,TRANSCRIPTOMIC,Mus musculus,ILLUMINA,2017-02-21T00:00:00Z,GSM2370700,CD8+ T cell,SRP092407,C57BL/6,Div1mem,Single Cell RNAseq,3F9,
SRR4785555,RNA-Seq,200,2462944600,PRJNA352070,SAMN05963856,1757897520,GEO,public,"sra,fastq","s3,ncbi,gs","ncbi.public,s3.us-east-1,gs.US",SRX2315786,GSM2370701,Illumina HiSeq 2500,PAIRED,cDNA,TRANSCRIPTOMIC,Mus musculus,ILLUMINA,2017-02-21T00:00:00Z,GSM2370701,CD8+ T cell,SRP092407,C57BL/6,Day4,Single Cell RNAseq,,
SRR4785556,RNA-Seq,200,1927342400,PRJNA352070,SAMN05963855,1379078490,GEO,public,"sra,fastq","gs,ncbi,s3","gs.US,s3.us-east-1,ncbi.public",SRX2315787,GSM2370702,Illumina HiSeq 2500,PAIRED,cDNA,TRANSCRIPTOMIC,Mus musculus,ILLUMINA,2017-02-21T00:00:00Z,GSM2370702,CD8+ T cell,SRP092407,C57BL/6,Day4,Single Cell RNAseq,,
SRR4785557,RNA-Seq,200,2493890000,PRJNA352070,SAMN05963854,1774825234,GEO,public,"sra,fastq","gs,ncbi,s3","ncbi.public,s3.us-east-1,gs.US",SRX2315788,GSM2370703,Illumina HiSeq 2500,PAIRED,cDNA,TRANSCRIPTOMIC,Mus musculus,ILLUMINA,2017-02-21T00:00:00Z,GSM2370703,CD8+ T cell,SRP092407,C57BL/6,Day7,Single Cell RNAseq,,
SRR4785558,RNA-Seq,200,4390327000,PRJNA352070,SAMN05963853,3077335308,GEO,public,"sra,fastq","s3,ncbi,gs","gs.US,ncbi.public,s3.us-east-1",SRX2315789,GSM2370704,Illumina HiSeq 2500,PAIRED,cDNA,TRANSCRIPTOMIC,Mus musculus,ILLUMINA,2017-02-21T00:00:00Z,GSM2370704,CD8+ T cell,SRP092407,C57BL/6,Day7,Single Cell RNAseq,,
SRR4785559,RNA-Seq,200,2711707600,PRJNA352070,SAMN05963852,1915604267,GEO,public,"fastq,sra","ncbi,s3,gs","ncbi.public,gs.US,s3.us-east-1",SRX2315790,GSM2370705,Illumina HiSeq 2500,PAIRED,cDNA,TRANSCRIPTOMIC,Mus musculus,ILLUMINA,2017-02-21T00:00:00Z,GSM2370705,CD8+ T cell,SRP092407,C57BL/6,Tcm,Single Cell RNAseq,,
SRR4785560,RNA-Seq,200,1669036600,PRJNA352070,SAMN05963851,1202890077,GEO,public,"fastq,sra","gs,s3,ncbi","s3.us-east-1,ncbi.public,gs.US",SRX2315791,GSM2370706,Illumina HiSeq 2500,PAIRED,cDNA,TRANSCRIPTOMIC,Mus musculus,ILLUMINA,2017-02-21T00:00:00Z,GSM2370706,CD8+ T cell,SRP092407,C57BL/6,Tcm,Single Cell RNAseq,,
SRR4785561,RNA-Seq,200,3051499400,PRJNA352070,SAMN05963850,2211013509,GEO,public,"fastq,sra","ncbi,gs,s3","gs.US,s3.us-east-1,ncbi.public",SRX2315792,GSM2370707,Illumina HiSeq 2500,PAIRED,cDNA,TRANSCRIPTOMIC,Mus musculus,ILLUMINA,2017-02-21T00:00:00Z,GSM2370707,CD8+ T cell,SRP092407,C57BL/6,Tem,Single Cell RNAseq,,
SRR4785562,RNA-Seq,200,2138053800,PRJNA352070,SAMN05963849,1560129714,GEO,public,"sra,fastq","ncbi,s3,gs","gs.US,s3.us-east-1,ncbi.public",SRX2315793,GSM2370708,Illumina HiSeq 2500,PAIRED,cDNA,TRANSCRIPTOMIC,Mus musculus,ILLUMINA,2017-02-21T00:00:00Z,GSM2370708,CD8+ T cell,SRP092407,C57BL/6,Tem,Single Cell RNAseq,,
SRR4785563,RNA-Seq,200,2585060200,PRJNA352070,SAMN05963848,1878441013,GEO,public,"sra,fastq","ncbi,s3,gs","gs.US,s3.us-east-1,ncbi.public",SRX2315794,GSM2370709,Illumina HiSeq 2500,PAIRED,cDNA,TRANSCRIPTOMIC,Mus musculus,ILLUMINA,2017-02-21T00:00:00Z,GSM2370709,CD8+ T cell,SRP092407,C57BL/6,Naive,Single Cell RNAseq,,
SRR4785564,RNA-Seq,200,2418271400,PRJNA352070,SAMN05963847,1739157702,GEO,public,"sra,fastq","s3,ncbi,gs","gs.US,s3.us-east-1,ncbi.public",SRX2315795,GSM2370710,Illumina HiSeq 2500,PAIRED,cDNA,TRANSCRIPTOMIC,Mus musculus,ILLUMINA,2017-02-21T00:00:00Z,GSM2370710,CD8+ T cell,SRP092407,C57BL/6,Naive,Single Cell RNAseq,,
SRR4785565,RNA-Seq,200,2467175800,PRJNA352070,SAMN05963846,1788320607,GEO,public,"fastq,sra","s3,ncbi,gs","s3.us-east-1,ncbi.public,gs.US",SRX2315796,GSM2370711,Illumina HiSeq 2500,PAIRED,cDNA,TRANSCRIPTOMIC,Mus musculus,ILLUMINA,2017-02-21T00:00:00Z,GSM2370711,CD8+ T cell,SRP092407,C57BL/6,Div1te,Single Cell RNAseq,3E9,
SRR4785566,RNA-Seq,200,2673849800,PRJNA352070,SAMN05963845,1930596038,GEO,public,"sra,fastq","s3,ncbi,gs","s3.us-east-1,gs.US,ncbi.public",SRX2315797,GSM2370712,Illumina HiSeq 2500,PAIRED,cDNA,TRANSCRIPTOMIC,Mus musculus,ILLUMINA,2017-02-21T00:00:00Z,GSM2370712,CD8+ T cell,SRP092407,C57BL/6,Div1mem,Single Cell RNAseq,,
SRR4785567,RNA-Seq,200,2411828400,PRJNA352070,SAMN05963844,1743750769,GEO,public,"sra,fastq","gs,ncbi,s3","ncbi.public,s3.us-east-1,gs.US",SRX2315798,GSM2370713,Illumina HiSeq 2500,PAIRED,cDNA,TRANSCRIPTOMIC,Mus musculus,ILLUMINA,2017-02-21T00:00:00Z,GSM2370713,CD8+ T cell,SRP092407,C57BL/6,Day4,Single Cell RNAseq,,
SRR4785568,RNA-Seq,200,725582400,PRJNA352070,SAMN05963843,526923629,GEO,public,"sra,fastq","s3,ncbi,gs","s3.us-east-1,gs.US,ncbi.public",SRX2315799,GSM2370714,Illumina HiSeq 2500,PAIRED,cDNA,TRANSCRIPTOMIC,Mus musculus,ILLUMINA,2017-02-21T00:00:00Z,GSM2370714,CD8+ T cell,SRP092407,C57BL/6,Day4,Single Cell RNAseq,,
SRR4785569,RNA-Seq,200,2438650800,PRJNA352070,SAMN05963842,1748866804,GEO,public,"fastq,sra","ncbi,s3,gs","gs.US,s3.us-east-1,ncbi.public",SRX2315800,GSM2370715,Illumina HiSeq 2500,PAIRED,cDNA,TRANSCRIPTOMIC,Mus musculus,ILLUMINA,2017-02-21T00:00:00Z,GSM2370715,CD8+ T cell,SRP092407,C57BL/6,Day7,Single Cell RNAseq,,
SRR4785570,RNA-Seq,200,2108588600,PRJNA352070,SAMN05963841,1500165484,GEO,public,"sra,fastq","gs,s3,ncbi","s3.us-east-1,gs.US,ncbi.public",SRX2315801,GSM2370716,Illumina HiSeq 2500,PAIRED,cDNA,TRANSCRIPTOMIC,Mus musculus,ILLUMINA,2017-02-21T00:00:00Z,GSM2370716,CD8+ T cell,SRP092407,C57BL/6,Day7,Single Cell RNAseq,,
SRR4785571,RNA-Seq,200,1511022600,PRJNA352070,SAMN05963840,1084907922,GEO,public,"sra,fastq","s3,ncbi,gs","ncbi.public,s3.us-east-1,gs.US",SRX2315802,GSM2370717,Illumina HiSeq 2500,PAIRED,cDNA,TRANSCRIPTOMIC,Mus musculus,ILLUMINA,2017-02-21T00:00:00Z,GSM2370717,CD8+ T cell,SRP092407,C57BL/6,Tcm,Single Cell RNAseq,,
SRR4785572,RNA-Seq,200,1515236800,PRJNA352070,SAMN05963839,1073293473,GEO,public,"sra,fastq","gs,s3,ncbi","s3.us-east-1,gs.US,ncbi.public",SRX2315803,GSM2370718,Illumina HiSeq 2500,PAIRED,cDNA,TRANSCRIPTOMIC,Mus musculus,ILLUMINA,2017-02-21T00:00:00Z,GSM2370718,CD8+ T cell,SRP092407,C57BL/6,Tcm,Single Cell RNAseq,,
SRR4785573,RNA-Seq,200,4262195800,PRJNA352070,SAMN05963838,3082857358,GEO,public,"sra,fastq","s3,ncbi,gs","ncbi.public,s3.us-east-1,gs.US",SRX2315804,GSM2370719,Illumina HiSeq 2500,PAIRED,cDNA,TRANSCRIPTOMIC,Mus musculus,ILLUMINA,2017-02-21T00:00:00Z,GSM2370719,CD8+ T cell,SRP092407,C57BL/6,Tem,Single Cell RNAseq,,
SRR4785574,RNA-Seq,200,2955697200,PRJNA352070,SAMN05963837,2092172954,GEO,public,"sra,fastq","gs,ncbi,s3","ncbi.public,gs.US,s3.us-east-1",SRX2315805,GSM2370720,Illumina HiSeq 2500,PAIRED,cDNA,TRANSCRIPTOMIC,Mus musculus,ILLUMINA,2017-02-21T00:00:00Z,GSM2370720,CD8+ T cell,SRP092407,C57BL/6,Tem,Single Cell RNAseq,,
SRR4785575,RNA-Seq,200,1879808000,PRJNA352070,SAMN05963836,1333632258,GEO,public,"sra,fastq","s3,gs,ncbi","gs.US,ncbi.public,s3.us-east-1",SRX2315806,GSM2370721,Illumina HiSeq 2500,PAIRED,cDNA,TRANSCRIPTOMIC,Mus musculus,ILLUMINA,2017-02-21T00:00:00Z,GSM2370721,CD8+ T cell,SRP092407,C57BL/6,Naive,Single Cell RNAseq,,
SRR4785576,RNA-Seq,200,982961800,PRJNA352070,SAMN05963803,693754235,GEO,public,"sra,fastq","s3,gs,ncbi","s3.us-east-1,ncbi.public,gs.US",SRX2315807,GSM2370722,Illumina HiSeq 2500,PAIRED,cDNA,TRANSCRIPTOMIC,Mus musculus,ILLUMINA,2017-02-21T00:00:00Z,GSM2370722,CD8+ T cell,SRP092407,C57BL/6,Naive,Single Cell RNAseq,,
SRR4785577,RNA-Seq,200,2787661800,PRJNA352070,SAMN05963802,1988361097,GEO,public,"sra,fastq","gs,ncbi,s3","gs.US,ncbi.public,s3.us-east-1",SRX2315808,GSM2370723,Illumina HiSeq 2500,PAIRED,cDNA,TRANSCRIPTOMIC,Mus musculus,ILLUMINA,2017-02-21T00:00:00Z,GSM2370723,CD8+ T cell,SRP092407,C57BL/6,Div1mem,Single Cell RNAseq,3C9,
SRR4785578,RNA-Seq,200,2658565200,PRJNA352070,SAMN05963801,1890238679,GEO,public,"sra,fastq","s3,gs,ncbi","ncbi.public,gs.US,s3.us-east-1",SRX2315809,GSM2370724,Illumina HiSeq 2500,PAIRED,cDNA,TRANSCRIPTOMIC,Mus musculus,ILLUMINA,2017-02-21T00:00:00Z,GSM2370724,CD8+ T cell,SRP092407,C57BL/6,Div1mem,Single Cell RNAseq,,
SRR4785579,RNA-Seq,200,1971155800,PRJNA352070,SAMN05963800,1403504991,GEO,public,"sra,fastq","s3,ncbi,gs","s3.us-east-1,ncbi.public,gs.US",SRX2315810,GSM2370725,Illumina HiSeq 2500,PAIRED,cDNA,TRANSCRIPTOMIC,Mus musculus,ILLUMINA,2017-02-21T00:00:00Z,GSM2370725,CD8+ T cell,SRP092407,C57BL/6,Day4,Single Cell RNAseq,,
SRR4785580,RNA-Seq,200,3559275800,PRJNA352070,SAMN05963799,2526613107,GEO,public,"fastq,sra","gs,ncbi,s3","s3.us-east-1,ncbi.public,gs.US",SRX2315811,GSM2370726,Illumina HiSeq 2500,PAIRED,cDNA,TRANSCRIPTOMIC,Mus musculus,ILLUMINA,2017-02-21T00:00:00Z,GSM2370726,CD8+ T cell,SRP092407,C57BL/6,Day4,Single Cell RNAseq,,
SRR4785581,RNA-Seq,200,3107205800,PRJNA352070,SAMN05963798,2201638552,GEO,public,"fastq,sra","ncbi,gs,s3","gs.US,s3.us-east-1,ncbi.public",SRX2315812,GSM2370727,Illumina HiSeq 2500,PAIRED,cDNA,TRANSCRIPTOMIC,Mus musculus,ILLUMINA,2017-02-21T00:00:00Z,GSM2370727,CD8+ T cell,SRP092407,C57BL/6,Day7,Single Cell RNAseq,,
SRR4785582,RNA-Seq,200,684970000,PRJNA352070,SAMN05963797,484535960,GEO,public,"fastq,contigs,sra","ncbi,s3,gs","ncbi.public,gs.US,s3.us-east-1",SRX2315813,GSM2370728,Illumina HiSeq 2500,PAIRED,cDNA,TRANSCRIPTOMIC,Mus musculus,ILLUMINA,2017-02-21T00:00:00Z,GSM2370728,CD8+ T cell,SRP092407,C57BL/6,Day7,Single Cell RNAseq,,
SRR4785583,RNA-Seq,200,2473316000,PRJNA352070,SAMN05963796,1745593927,GEO,public,"sra,fastq","gs,s3,ncbi","ncbi.public,s3.us-east-1,gs.US",SRX2315814,GSM2370729,Illumina HiSeq 2500,PAIRED,cDNA,TRANSCRIPTOMIC,Mus musculus,ILLUMINA,2017-02-21T00:00:00Z,GSM2370729,CD8+ T cell,SRP092407,C57BL/6,Tcm,Single Cell RNAseq,,
SRR4785584,RNA-Seq,200,2553513400,PRJNA352070,SAMN05963795,1814843134,GEO,public,"fastq,sra","ncbi,gs,s3","ncbi.public,gs.US,s3.us-east-1",SRX2315815,GSM2370730,Illumina HiSeq 2500,PAIRED,cDNA,TRANSCRIPTOMIC,Mus musculus,ILLUMINA,2017-02-21T00:00:00Z,GSM2370730,CD8+ T cell,SRP092407,C57BL/6,Tcm,Single Cell RNAseq,,
SRR4785585,RNA-Seq,200,3321151400,PRJNA352070,SAMN05963794,2375080336,GEO,public,"fastq,sra","ncbi,s3,gs","ncbi.public,gs.US,s3.us-east-1",SRX2315816,GSM2370731,Illumina HiSeq 2500,PAIRED,cDNA,TRANSCRIPTOMIC,Mus musculus,ILLUMINA,2017-02-21T00:00:00Z,GSM2370731,CD8+ T cell,SRP092407,C57BL/6,Tem,Single Cell RNAseq,,
SRR4785586,RNA-Seq,200,954408200,PRJNA352070,SAMN05963793,685138381,GEO,public,"fastq,sra","gs,s3,ncbi","s3.us-east-1,ncbi.public,gs.US",SRX2315817,GSM2370732,Illumina HiSeq 2500,PAIRED,cDNA,TRANSCRIPTOMIC,Mus musculus,ILLUMINA,2017-02-21T00:00:00Z,GSM2370732,CD8+ T cell,SRP092407,C57BL/6,Tem,Single Cell RNAseq,,
SRR4785587,RNA-Seq,200,1684700000,PRJNA352070,SAMN05963792,1205431578,GEO,public,"sra,fastq","ncbi,s3,gs","s3.us-east-1,ncbi.public,gs.US",SRX2315818,GSM2370733,Illumina HiSeq 2500,PAIRED,cDNA,TRANSCRIPTOMIC,Mus musculus,ILLUMINA,2017-02-21T00:00:00Z,GSM2370733,CD8+ T cell,SRP092407,C57BL/6,Naive,Single Cell RNAseq,,
SRR4785588,RNA-Seq,200,566986000,PRJNA352070,SAMN05963791,402547154,GEO,public,"sra,fastq,contigs","s3,gs,ncbi","ncbi.public,gs.US,s3.us-east-1",SRX2315819,GSM2370734,Illumina HiSeq 2500,PAIRED,cDNA,TRANSCRIPTOMIC,Mus musculus,ILLUMINA,2017-02-21T00:00:00Z,GSM2370734,CD8+ T cell,SRP092407,C57BL/6,Naive,Single Cell RNAseq,,
SRR4785589,RNA-Seq,200,3869778400,PRJNA352070,SAMN05963790,2772426473,GEO,public,"fastq,sra","gs,s3,ncbi","ncbi.public,s3.us-east-1,gs.US",SRX2315820,GSM2370735,Illumina HiSeq 2500,PAIRED,cDNA,TRANSCRIPTOMIC,Mus musculus,ILLUMINA,2017-02-21T00:00:00Z,GSM2370735,CD8+ T cell,SRP092407,C57BL/6,Div1mem,Single Cell RNAseq,,
SRR4785590,RNA-Seq,200,1187971800,PRJNA352070,SAMN05963789,853954995,GEO,public,"sra,fastq","ncbi,gs,s3","gs.US,s3.us-east-1,ncbi.public",SRX2315821,GSM2370736,Illumina HiSeq 2500,PAIRED,cDNA,TRANSCRIPTOMIC,Mus musculus,ILLUMINA,2017-02-21T00:00:00Z,GSM2370736,CD8+ T cell,SRP092407,C57BL/6,Div1te,Single Cell RNAseq,,
SRR4785591,RNA-Seq,200,2761144800,PRJNA352070,SAMN05963788,1978280169,GEO,public,"sra,fastq","ncbi,gs,s3","s3.us-east-1,ncbi.public,gs.US",SRX2315822,GSM2370737,Illumina HiSeq 2500,PAIRED,cDNA,TRANSCRIPTOMIC,Mus musculus,ILLUMINA,2017-02-21T00:00:00Z,GSM2370737,CD8+ T cell,SRP092407,C57BL/6,Day4,Single Cell RNAseq,,
SRR4785592,RNA-Seq,200,2765082000,PRJNA352070,SAMN05963787,1977698014,GEO,public,"fastq,sra","gs,ncbi,s3","gs.US,s3.us-east-1,ncbi.public",SRX2315823,GSM2370738,Illumina HiSeq 2500,PAIRED,cDNA,TRANSCRIPTOMIC,Mus musculus,ILLUMINA,2017-02-21T00:00:00Z,GSM2370738,CD8+ T cell,SRP092407,C57BL/6,Day4,Single Cell RNAseq,,
SRR4785593,RNA-Seq,200,2850195800,PRJNA352070,SAMN05963786,2031028329,GEO,public,"sra,fastq","gs,s3,ncbi","gs.US,ncbi.public,s3.us-east-1",SRX2315824,GSM2370739,Illumina HiSeq 2500,PAIRED,cDNA,TRANSCRIPTOMIC,Mus musculus,ILLUMINA,2017-02-21T00:00:00Z,GSM2370739,CD8+ T cell,SRP092407,C57BL/6,Day7,Single Cell RNAseq,,
SRR4785594,RNA-Seq,200,1047314000,PRJNA352070,SAMN05963785,746151346,GEO,public,"sra,fastq","ncbi,gs,s3","ncbi.public,gs.US,s3.us-east-1",SRX2315825,GSM2370740,Illumina HiSeq 2500,PAIRED,cDNA,TRANSCRIPTOMIC,Mus musculus,ILLUMINA,2017-02-21T00:00:00Z,GSM2370740,CD8+ T cell,SRP092407,C57BL/6,Day7,Single Cell RNAseq,,
SRR4785595,RNA-Seq,200,2806391800,PRJNA352070,SAMN05963784,1983195485,GEO,public,"sra,fastq","gs,ncbi,s3","gs.US,ncbi.public,s3.us-east-1",SRX2315826,GSM2370741,Illumina HiSeq 2500,PAIRED,cDNA,TRANSCRIPTOMIC,Mus musculus,ILLUMINA,2017-02-21T00:00:00Z,GSM2370741,CD8+ T cell,SRP092407,C57BL/6,Tcm,Single Cell RNAseq,,
SRR4785596,RNA-Seq,200,1117014800,PRJNA352070,SAMN05963783,793985772,GEO,public,"fastq,sra","s3,gs,ncbi","s3.us-east-1,ncbi.public,gs.US",SRX2315827,GSM2370742,Illumina HiSeq 2500,PAIRED,cDNA,TRANSCRIPTOMIC,Mus musculus,ILLUMINA,2017-02-21T00:00:00Z,GSM2370742,CD8+ T cell,SRP092407,C57BL/6,Tcm,Single Cell RNAseq,,
SRR4785597,RNA-Seq,200,2769111600,PRJNA352070,SAMN05963782,1995413083,GEO,public,"sra,fastq","ncbi,gs,s3","s3.us-east-1,ncbi.public,gs.US",SRX2315828,GSM2370743,Illumina HiSeq 2500,PAIRED,cDNA,TRANSCRIPTOMIC,Mus musculus,ILLUMINA,2017-02-21T00:00:00Z,GSM2370743,CD8+ T cell,SRP092407,C57BL/6,Tem,Single Cell RNAseq,,
SRR4785598,RNA-Seq,200,893186000,PRJNA352070,SAMN05963781,639900329,GEO,public,"sra,fastq","gs,s3,ncbi","gs.US,ncbi.public,s3.us-east-1",SRX2315829,GSM2370744,Illumina HiSeq 2500,PAIRED,cDNA,TRANSCRIPTOMIC,Mus musculus,ILLUMINA,2017-02-21T00:00:00Z,GSM2370744,CD8+ T cell,SRP092407,C57BL/6,Tem,Single Cell RNAseq,,
SRR4785599,RNA-Seq,200,2241879400,PRJNA352070,SAMN05963780,1591399362,GEO,public,"fastq,sra","ncbi,s3,gs","gs.US,ncbi.public,s3.us-east-1",SRX2315830,GSM2370745,Illumina HiSeq 2500,PAIRED,cDNA,TRANSCRIPTOMIC,Mus musculus,ILLUMINA,2017-02-21T00:00:00Z,GSM2370745,CD8+ T cell,SRP092407,C57BL/6,Naive,Single Cell RNAseq,,
SRR4785600,RNA-Seq,200,1268063600,PRJNA352070,SAMN05963779,898998320,GEO,public,"sra,fastq","ncbi,s3,gs","ncbi.public,s3.us-east-1,gs.US",SRX2315831,GSM2370746,Illumina HiSeq 2500,PAIRED,cDNA,TRANSCRIPTOMIC,Mus musculus,ILLUMINA,2017-02-21T00:00:00Z,GSM2370746,CD8+ T cell,SRP092407,C57BL/6,Naive,Single Cell RNAseq,,
SRR4785601,RNA-Seq,200,3003524000,PRJNA352070,SAMN05963778,2145156970,GEO,public,"fastq,sra","ncbi,s3,gs","gs.US,s3.us-east-1,ncbi.public",SRX2315832,GSM2370747,Illumina HiSeq 2500,PAIRED,cDNA,TRANSCRIPTOMIC,Mus musculus,ILLUMINA,2017-02-21T00:00:00Z,GSM2370747,CD8+ T cell,SRP092407,C57BL/6,Div1te,Single Cell RNAseq,,
SRR4785602,RNA-Seq,200,2502102400,PRJNA352070,SAMN05963869,1786305563,GEO,public,"fastq,sra","s3,gs,ncbi","gs.US,s3.us-east-1,ncbi.public",SRX2315833,GSM2370748,Illumina HiSeq 2500,PAIRED,cDNA,TRANSCRIPTOMIC,Mus musculus,ILLUMINA,2017-02-21T00:00:00Z,GSM2370748,CD8+ T cell,SRP092407,C57BL/6,Div1mem,Single Cell RNAseq,,
SRR4785603,RNA-Seq,200,2570513800,PRJNA352070,SAMN05963868,1833457629,GEO,public,"fastq,sra","ncbi,gs,s3","ncbi.public,gs.US,s3.us-east-1",SRX2315834,GSM2370749,Illumina HiSeq 2500,PAIRED,cDNA,TRANSCRIPTOMIC,Mus musculus,ILLUMINA,2017-02-21T00:00:00Z,GSM2370749,CD8+ T cell,SRP092407,C57BL/6,Day4,Single Cell RNAseq,,
SRR4785604,RNA-Seq,200,1889017200,PRJNA352070,SAMN05963867,1348072700,GEO,public,"fastq,sra","s3,gs,ncbi","gs.US,ncbi.public,s3.us-east-1",SRX2315835,GSM2370750,Illumina HiSeq 2500,PAIRED,cDNA,TRANSCRIPTOMIC,Mus musculus,ILLUMINA,2017-02-21T00:00:00Z,GSM2370750,CD8+ T cell,SRP092407,C57BL/6,Day4,Single Cell RNAseq,,
SRR4785605,RNA-Seq,200,3892850000,PRJNA352070,SAMN05963866,2749506754,GEO,public,"fastq,sra","ncbi,s3,gs","gs.US,s3.us-east-1,ncbi.public",SRX2315836,GSM2370751,Illumina HiSeq 2500,PAIRED,cDNA,TRANSCRIPTOMIC,Mus musculus,ILLUMINA,2017-02-21T00:00:00Z,GSM2370751,CD8+ T cell,SRP092407,C57BL/6,Day7,Single Cell RNAseq,,
SRR4785606,RNA-Seq,200,908650800,PRJNA352070,SAMN05963707,646333265,GEO,public,"sra,fastq","ncbi,gs,s3","ncbi.public,s3.us-east-1,gs.US",SRX2315837,GSM2370752,Illumina HiSeq 2500,PAIRED,cDNA,TRANSCRIPTOMIC,Mus musculus,ILLUMINA,2017-02-21T00:00:00Z,GSM2370752,CD8+ T cell,SRP092407,C57BL/6,Day7,Single Cell RNAseq,,
SRR4785607,RNA-Seq,200,3960690600,PRJNA352070,SAMN05963830,2817601136,GEO,public,"sra,fastq","gs,ncbi,s3","s3.us-east-1,ncbi.public,gs.US",SRX2315838,GSM2370753,Illumina HiSeq 2500,PAIRED,cDNA,TRANSCRIPTOMIC,Mus musculus,ILLUMINA,2017-02-21T00:00:00Z,GSM2370753,CD8+ T cell,SRP092407,C57BL/6,Tcm,Single Cell RNAseq,,
SRR4785608,RNA-Seq,200,1490018400,PRJNA352070,SAMN05963829,970078578,GEO,public,"sra,fastq","s3,ncbi,gs","gs.US,s3.us-east-1,ncbi.public",SRX2315839,GSM2370754,Illumina HiSeq 2500,PAIRED,cDNA,TRANSCRIPTOMIC,Mus musculus,ILLUMINA,2017-02-21T00:00:00Z,GSM2370754,CD8+ T cell,SRP092407,C57BL/6,Tcm,Single Cell RNAseq,,
SRR4785609,RNA-Seq,200,2176869200,PRJNA352070,SAMN05963828,1432969351,GEO,public,"fastq,sra","s3,gs,ncbi","s3.us-east-1,ncbi.public,gs.US",SRX2315840,GSM2370755,Illumina HiSeq 2500,PAIRED,cDNA,TRANSCRIPTOMIC,Mus musculus,ILLUMINA,2017-02-21T00:00:00Z,GSM2370755,CD8+ T cell,SRP092407,C57BL/6,Tem,Single Cell RNAseq,,
SRR4785610,RNA-Seq,200,1700005000,PRJNA352070,SAMN05963827,1135068601,GEO,public,"fastq,sra","gs,s3,ncbi","s3.us-east-1,gs.US,ncbi.public",SRX2315841,GSM2370756,Illumina HiSeq 2500,PAIRED,cDNA,TRANSCRIPTOMIC,Mus musculus,ILLUMINA,2017-02-21T00:00:00Z,GSM2370756,CD8+ T cell,SRP092407,C57BL/6,Tem,Single Cell RNAseq,,
SRR4785611,RNA-Seq,200,2260141200,PRJNA352070,SAMN05963709,1477324725,GEO,public,"sra,fastq","ncbi,s3,gs","gs.US,s3.us-east-1,ncbi.public",SRX2315842,GSM2370757,Illumina HiSeq 2500,PAIRED,cDNA,TRANSCRIPTOMIC,Mus musculus,ILLUMINA,2017-02-21T00:00:00Z,GSM2370757,CD8+ T cell,SRP092407,C57BL/6,Naive,Single Cell RNAseq,,
SRR4785612,RNA-Seq,200,695277800,PRJNA352070,SAMN05963708,456520362,GEO,public,"contigs,sra,fastq","s3,ncbi,gs","gs.US,ncbi.public,s3.us-east-1",SRX2315843,GSM2370758,Illumina HiSeq 2500,PAIRED,cDNA,TRANSCRIPTOMIC,Mus musculus,ILLUMINA,2017-02-21T00:00:00Z,GSM2370758,CD8+ T cell,SRP092407,C57BL/6,Naive,Single Cell RNAseq,,
SRR4785613,RNA-Seq,200,251697200,PRJNA352070,SAMN05963826,166593328,GEO,public,"fastq,contigs,sra","gs,s3,ncbi","ncbi.public,gs.US,s3.us-east-1",SRX2315844,GSM2370759,Illumina HiSeq 2500,PAIRED,cDNA,TRANSCRIPTOMIC,Mus musculus,ILLUMINA,2017-02-21T00:00:00Z,GSM2370759,CD8+ T cell,SRP092407,C57BL/6,Div1te,Single Cell RNAseq,,
SRR4785614,RNA-Seq,200,1167864800,PRJNA352070,SAMN05963825,768807681,GEO,public,"sra,fastq","gs,s3,ncbi","s3.us-east-1,gs.US,ncbi.public",SRX2315845,GSM2370760,Illumina HiSeq 2500,PAIRED,cDNA,TRANSCRIPTOMIC,Mus musculus,ILLUMINA,2017-02-21T00:00:00Z,GSM2370760,CD8+ T cell,SRP092407,C57BL/6,Div1te,Single Cell RNAseq,,
SRR4785615,RNA-Seq,200,2429386600,PRJNA352070,SAMN05963824,1572179569,GEO,public,"sra,fastq","gs,ncbi,s3","gs.US,s3.us-east-1,ncbi.public",SRX2315846,GSM2370761,Illumina HiSeq 2500,PAIRED,cDNA,TRANSCRIPTOMIC,Mus musculus,ILLUMINA,2017-02-21T00:00:00Z,GSM2370761,CD8+ T cell,SRP092407,C57BL/6,Day4,Single Cell RNAseq,,
SRR4785616,RNA-Seq,200,836048400,PRJNA352070,SAMN05963823,550189789,GEO,public,"sra,fastq","gs,ncbi,s3","gs.US,ncbi.public,s3.us-east-1",SRX2315847,GSM2370762,Illumina HiSeq 2500,PAIRED,cDNA,TRANSCRIPTOMIC,Mus musculus,ILLUMINA,2017-02-21T00:00:00Z,GSM2370762,CD8+ T cell,SRP092407,C57BL/6,Day4,Single Cell RNAseq,,
SRR4785617,RNA-Seq,200,2026202800,PRJNA352070,SAMN05963822,1306538753,GEO,public,"sra,fastq","gs,s3,ncbi","ncbi.public,s3.us-east-1,gs.US",SRX2315848,GSM2370763,Illumina HiSeq 2500,PAIRED,cDNA,TRANSCRIPTOMIC,Mus musculus,ILLUMINA,2017-02-21T00:00:00Z,GSM2370763,CD8+ T cell,SRP092407,C57BL/6,Day7,Single Cell RNAseq,,
SRR4785618,RNA-Seq,200,2217721200,PRJNA352070,SAMN05963821,1445903773,GEO,public,"sra,fastq","gs,ncbi,s3","s3.us-east-1,gs.US,ncbi.public",SRX2315849,GSM2370764,Illumina HiSeq 2500,PAIRED,cDNA,TRANSCRIPTOMIC,Mus musculus,ILLUMINA,2017-02-21T00:00:00Z,GSM2370764,CD8+ T cell,SRP092407,C57BL/6,Day7,Single Cell RNAseq,,
SRR4785619,RNA-Seq,200,2588414800,PRJNA352070,SAMN05963820,1671202939,GEO,public,"fastq,sra","gs,ncbi,s3","gs.US,s3.us-east-1,ncbi.public",SRX2315850,GSM2370765,Illumina HiSeq 2500,PAIRED,cDNA,TRANSCRIPTOMIC,Mus musculus,ILLUMINA,2017-02-21T00:00:00Z,GSM2370765,CD8+ T cell,SRP092407,C57BL/6,Tcm,Single Cell RNAseq,,
SRR4785620,RNA-Seq,100,1273840700,PRJNA352070,SAMN05963819,930403061,GEO,public,"fastq,sra","ncbi,gs,s3","ncbi.public,gs.US,s3.us-east-1",SRX2315851,GSM2370766,Illumina HiSeq 2500,SINGLE,cDNA,TRANSCRIPTOMIC,Mus musculus,ILLUMINA,2017-02-21T00:00:00Z,GSM2370766,CD8+ T cell,SRP092407,C57BL/6,Tem,Single Cell RNAseq,3D5,
SRR4785621,RNA-Seq,100,1389400400,PRJNA352070,SAMN05963818,995599478,GEO,public,"sra,fastq","gs,ncbi,s3","gs.US,s3.us-east-1,ncbi.public",SRX2315852,GSM2370767,Illumina HiSeq 2500,SINGLE,cDNA,TRANSCRIPTOMIC,Mus musculus,ILLUMINA,2017-02-21T00:00:00Z,GSM2370767,CD8+ T cell,SRP092407,C57BL/6,Tem,Single Cell RNAseq,3E6,
SRR4785622,RNA-Seq,100,1366236300,PRJNA352070,SAMN05963817,1003607319,GEO,public,"fastq,sra","ncbi,gs,s3","ncbi.public,s3.us-east-1,gs.US",SRX2315853,GSM2370768,Illumina HiSeq 2500,SINGLE,cDNA,TRANSCRIPTOMIC,Mus musculus,ILLUMINA,2017-02-21T00:00:00Z,GSM2370768,CD8+ T cell,SRP092407,C57BL/6,Tem,Single Cell RNAseq,3A6,
SRR4785623,RNA-Seq,100,1359557900,PRJNA352070,SAMN05963816,994617577,GEO,public,"sra,fastq","ncbi,s3,gs","s3.us-east-1,gs.US,ncbi.public",SRX2315854,GSM2370769,Illumina HiSeq 2500,SINGLE,cDNA,TRANSCRIPTOMIC,Mus musculus,ILLUMINA,2017-02-21T00:00:00Z,GSM2370769,CD8+ T cell,SRP092407,C57BL/6,Tem,Single Cell RNAseq,3E5,
SRR4785624,RNA-Seq,100,985096400,PRJNA352070,SAMN05963815,734336459,GEO,public,"fastq,sra","s3,ncbi,gs","gs.US,s3.us-east-1,ncbi.public",SRX2315855,GSM2370770,Illumina HiSeq 2500,SINGLE,cDNA,TRANSCRIPTOMIC,Mus musculus,ILLUMINA,2017-02-21T00:00:00Z,GSM2370770,CD8+ T cell,SRP092407,C57BL/6,Tem,Single Cell RNAseq,3C6,
SRR4785625,RNA-Seq,100,2983366700,PRJNA352070,SAMN05963814,2109803379,GEO,public,"fastq,sra","ncbi,gs,s3","gs.US,ncbi.public,s3.us-east-1",SRX2315856,GSM2370771,Illumina HiSeq 2500,SINGLE,cDNA,TRANSCRIPTOMIC,Mus musculus,ILLUMINA,2017-02-21T00:00:00Z,GSM2370771,CD8+ T cell,SRP092407,C57BL/6,Tem,Single Cell RNAseq,3B6,
SRR4785626,RNA-Seq,100,1062706000,PRJNA352070,SAMN05963813,790170935,GEO,public,"sra,fastq","s3,gs,ncbi","gs.US,ncbi.public,s3.us-east-1",SRX2315857,GSM2370772,Illumina HiSeq 2500,SINGLE,cDNA,TRANSCRIPTOMIC,Mus musculus,ILLUMINA,2017-02-21T00:00:00Z,GSM2370772,CD8+ T cell,SRP092407,C57BL/6,Tem,Single Cell RNAseq,3F6,
SRR4785627,RNA-Seq,100,2095692500,PRJNA352070,SAMN05963812,1507146518,GEO,public,"fastq,sra","gs,s3,ncbi","gs.US,ncbi.public,s3.us-east-1",SRX2315858,GSM2370773,Illumina HiSeq 2500,SINGLE,cDNA,TRANSCRIPTOMIC,Mus musculus,ILLUMINA,2017-02-21T00:00:00Z,GSM2370773,CD8+ T cell,SRP092407,C57BL/6,Tem,Single Cell RNAseq,3D6,
SRR4785628,RNA-Seq,100,1358206400,PRJNA352070,SAMN05963811,985894059,GEO,public,"sra,fastq","ncbi,gs,s3","ncbi.public,s3.us-east-1,gs.US",SRX2315859,GSM2370774,Illumina HiSeq 2500,SINGLE,cDNA,TRANSCRIPTOMIC,Mus musculus,ILLUMINA,2017-02-21T00:00:00Z,GSM2370774,CD8+ T cell,SRP092407,C57BL/6,Tem,Single Cell RNAseq,,
SRR4785629,RNA-Seq,100,1460303700,PRJNA352070,SAMN05963810,1078475424,GEO,public,"fastq,sra","ncbi,s3,gs","s3.us-east-1,ncbi.public,gs.US",SRX2315860,GSM2370775,Illumina HiSeq 2500,SINGLE,cDNA,TRANSCRIPTOMIC,Mus musculus,ILLUMINA,2017-02-21T00:00:00Z,GSM2370775,CD8+ T cell,SRP092407,C57BL/6,Tem,Single Cell RNAseq,,
SRR4785630,RNA-Seq,100,2263802200,PRJNA352070,SAMN05963809,1623374555,GEO,public,"fastq,sra","s3,gs,ncbi","gs.US,s3.us-east-1,ncbi.public",SRX2315861,GSM2370776,Illumina HiSeq 2500,SINGLE,cDNA,TRANSCRIPTOMIC,Mus musculus,ILLUMINA,2017-02-21T00:00:00Z,GSM2370776,CD8+ T cell,SRP092407,C57BL/6,Tem,Single Cell RNAseq,3B5,
SRR4785631,RNA-Seq,100,1584008500,PRJNA352070,SAMN05963808,1115233683,GEO,public,"sra,fastq","ncbi,gs,s3","s3.us-east-1,ncbi.public,gs.US",SRX2315862,GSM2370777,Illumina HiSeq 2500,SINGLE,cDNA,TRANSCRIPTOMIC,Mus musculus,ILLUMINA,2017-02-21T00:00:00Z,GSM2370777,CD8+ T cell,SRP092407,C57BL/6,Tem,Single Cell RNAseq,3F5,
SRR4785632,RNA-Seq,100,1228193600,PRJNA352070,SAMN05963807,919944139,GEO,public,"fastq,sra","s3,ncbi,gs","gs.US,ncbi.public,s3.us-east-1",SRX2315863,GSM2370778,Illumina HiSeq 2500,SINGLE,cDNA,TRANSCRIPTOMIC,Mus musculus,ILLUMINA,2017-02-21T00:00:00Z,GSM2370778,CD8+ T cell,SRP092407,C57BL/6,Tem,Single Cell RNAseq,,
SRR4785633,RNA-Seq,100,1084157100,PRJNA352070,SAMN05963806,801142684,GEO,public,"sra,fastq","s3,gs,ncbi","gs.US,s3.us-east-1,ncbi.public",SRX2315864,GSM2370779,Illumina HiSeq 2500,SINGLE,cDNA,TRANSCRIPTOMIC,Mus musculus,ILLUMINA,2017-02-21T00:00:00Z,GSM2370779,CD8+ T cell,SRP092407,C57BL/6,Tem,Single Cell RNAseq,3C5,
SRR4785634,RNA-Seq,100,1950303400,PRJNA352070,SAMN05963805,1408451375,GEO,public,"fastq,sra","s3,ncbi,gs","gs.US,ncbi.public,s3.us-east-1",SRX2315865,GSM2370780,Illumina HiSeq 2500,SINGLE,cDNA,TRANSCRIPTOMIC,Mus musculus,ILLUMINA,2017-02-21T00:00:00Z,GSM2370780,CD8+ T cell,SRP092407,C57BL/6,Tem,Single Cell RNAseq,,
SRR4785635,RNA-Seq,100,1971752800,PRJNA352070,SAMN05963804,1430749247,GEO,public,"fastq,sra","s3,gs,ncbi","s3.us-east-1,gs.US,ncbi.public",SRX2315866,GSM2370781,Illumina HiSeq 2500,SINGLE,cDNA,TRANSCRIPTOMIC,Mus musculus,ILLUMINA,2017-02-21T00:00:00Z,GSM2370781,CD8+ T cell,SRP092407,C57BL/6,Tem,Single Cell RNAseq,,
SRR4785636,RNA-Seq,100,453031300,PRJNA352070,SAMN05963739,325424956,GEO,public,"fastq,contigs,sra","ncbi,gs,s3","gs.US,ncbi.public,s3.us-east-1",SRX2315867,GSM2370782,Illumina HiSeq 2500,SINGLE,cDNA,TRANSCRIPTOMIC,Mus musculus,ILLUMINA,2017-02-21T00:00:00Z,GSM2370782,CD8+ T cell,SRP092407,C57BL/6,Naive,Single Cell RNAseq,,
SRR4785637,RNA-Seq,100,2093154000,PRJNA352070,SAMN05963738,1501401189,GEO,public,"sra,fastq","gs,s3,ncbi","gs.US,s3.us-east-1,ncbi.public",SRX2315868,GSM2370783,Illumina HiSeq 2500,SINGLE,cDNA,TRANSCRIPTOMIC,Mus musculus,ILLUMINA,2017-02-21T00:00:00Z,GSM2370783,CD8+ T cell,SRP092407,C57BL/6,Naive,Single Cell RNAseq,,
SRR4785638,RNA-Seq,100,2032673400,PRJNA352070,SAMN05963737,1466615309,GEO,public,"fastq,sra","ncbi,gs,s3","gs.US,s3.us-east-1,ncbi.public",SRX2315869,GSM2370784,Illumina HiSeq 2500,SINGLE,cDNA,TRANSCRIPTOMIC,Mus musculus,ILLUMINA,2017-02-21T00:00:00Z,GSM2370784,CD8+ T cell,SRP092407,C57BL/6,Naive,Single Cell RNAseq,3G5,
SRR4785639,RNA-Seq,100,3221263900,PRJNA352070,SAMN05963736,2320975888,GEO,public,"fastq,sra","gs,s3,ncbi","gs.US,ncbi.public,s3.us-east-1",SRX2315870,GSM2370785,Illumina HiSeq 2500,SINGLE,cDNA,TRANSCRIPTOMIC,Mus musculus,ILLUMINA,2017-02-21T00:00:00Z,GSM2370785,CD8+ T cell,SRP092407,C57BL/6,Naive,Single Cell RNAseq,,
SRR4785640,RNA-Seq,100,1084676600,PRJNA352070,SAMN05963735,796001494,GEO,public,"fastq,sra","gs,s3,ncbi","ncbi.public,s3.us-east-1,gs.US",SRX2315871,GSM2370786,Illumina HiSeq 2500,SINGLE,cDNA,TRANSCRIPTOMIC,Mus musculus,ILLUMINA,2017-02-21T00:00:00Z,GSM2370786,CD8+ T cell,SRP092407,C57BL/6,Naive,Single Cell RNAseq,,
SRR4785641,RNA-Seq,100,1472597400,PRJNA352070,SAMN05963734,1070267085,GEO,public,"fastq,sra","gs,ncbi,s3","gs.US,s3.us-east-1,ncbi.public",SRX2315872,GSM2370787,Illumina HiSeq 2500,SINGLE,cDNA,TRANSCRIPTOMIC,Mus musculus,ILLUMINA,2017-02-21T00:00:00Z,GSM2370787,CD8+ T cell,SRP092407,C57BL/6,Naive,Single Cell RNAseq,,
SRR4785642,RNA-Seq,100,1011235600,PRJNA352070,SAMN05963733,752736760,GEO,public,"fastq,sra","gs,ncbi,s3","s3.us-east-1,gs.US,ncbi.public",SRX2315873,GSM2370788,Illumina HiSeq 2500,SINGLE,cDNA,TRANSCRIPTOMIC,Mus musculus,ILLUMINA,2017-02-21T00:00:00Z,GSM2370788,CD8+ T cell,SRP092407,C57BL/6,Naive,Single Cell RNAseq,,
SRR4785643,RNA-Seq,100,2177155400,PRJNA352070,SAMN05963732,1578797977,GEO,public,"fastq,sra","gs,s3,ncbi","s3.us-east-1,gs.US,ncbi.public",SRX2315874,GSM2370789,Illumina HiSeq 2500,SINGLE,cDNA,TRANSCRIPTOMIC,Mus musculus,ILLUMINA,2017-02-21T00:00:00Z,GSM2370789,CD8+ T cell,SRP092407,C57BL/6,Naive,Single Cell RNAseq,,
SRR4785644,RNA-Seq,100,1781456600,PRJNA352070,SAMN05963731,1307541295,GEO,public,"sra,fastq","s3,ncbi,gs","ncbi.public,s3.us-east-1,gs.US",SRX2315875,GSM2370790,Illumina HiSeq 2500,SINGLE,cDNA,TRANSCRIPTOMIC,Mus musculus,ILLUMINA,2017-02-21T00:00:00Z,GSM2370790,CD8+ T cell,SRP092407,C57BL/6,Naive,Single Cell RNAseq,,
SRR4785645,RNA-Seq,100,1230368000,PRJNA352070,SAMN05963730,890036861,GEO,public,"fastq,sra","s3,gs,ncbi","ncbi.public,gs.US,s3.us-east-1",SRX2315876,GSM2370791,Illumina HiSeq 2500,SINGLE,cDNA,TRANSCRIPTOMIC,Mus musculus,ILLUMINA,2017-02-21T00:00:00Z,GSM2370791,CD8+ T cell,SRP092407,C57BL/6,Naive,Single Cell RNAseq,3G6,
SRR4785646,RNA-Seq,100,1881616000,PRJNA352070,SAMN05963729,1370670359,GEO,public,"fastq,sra","ncbi,gs,s3","gs.US,ncbi.public,s3.us-east-1",SRX2315877,GSM2370792,Illumina HiSeq 2500,SINGLE,cDNA,TRANSCRIPTOMIC,Mus musculus,ILLUMINA,2017-02-21T00:00:00Z,GSM2370792,CD8+ T cell,SRP092407,C57BL/6,Naive,Single Cell RNAseq,,
SRR4785647,RNA-Seq,100,1117840200,PRJNA352070,SAMN05963728,813915205,GEO,public,"sra,fastq","ncbi,s3,gs","ncbi.public,s3.us-east-1,gs.US",SRX2315878,GSM2370793,Illumina HiSeq 2500,SINGLE,cDNA,TRANSCRIPTOMIC,Mus musculus,ILLUMINA,2017-02-21T00:00:00Z,GSM2370793,CD8+ T cell,SRP092407,C57BL/6,Naive,Single Cell RNAseq,,
SRR4785648,RNA-Seq,100,691977100,PRJNA352070,SAMN05963727,512471975,GEO,public,"fastq,sra,contigs","s3,gs,ncbi","s3.us-east-1,ncbi.public,gs.US",SRX2315879,GSM2370794,Illumina HiSeq 2500,SINGLE,cDNA,TRANSCRIPTOMIC,Mus musculus,ILLUMINA,2017-02-21T00:00:00Z,GSM2370794,CD8+ T cell,SRP092407,C57BL/6,Naive,Single Cell RNAseq,,
SRR4785649,RNA-Seq,100,2845790800,PRJNA352070,SAMN05963726,2070551188,GEO,public,"sra,fastq","s3,gs,ncbi","gs.US,ncbi.public,s3.us-east-1",SRX2315880,GSM2370795,Illumina HiSeq 2500,SINGLE,cDNA,TRANSCRIPTOMIC,Mus musculus,ILLUMINA,2017-02-21T00:00:00Z,GSM2370795,CD8+ T cell,SRP092407,C57BL/6,Naive,Single Cell RNAseq,,
SRR4785650,RNA-Seq,100,941871100,PRJNA352070,SAMN05963725,687524371,GEO,public,"fastq,sra","ncbi,s3,gs","ncbi.public,s3.us-east-1,gs.US",SRX2315881,GSM2370796,Illumina HiSeq 2500,SINGLE,cDNA,TRANSCRIPTOMIC,Mus musculus,ILLUMINA,2017-02-21T00:00:00Z,GSM2370796,CD8+ T cell,SRP092407,C57BL/6,Naive,Single Cell RNAseq,,
SRR4785651,RNA-Seq,100,2222849000,PRJNA352070,SAMN05963724,1625718893,GEO,public,"sra,fastq","gs,s3,ncbi","gs.US,s3.us-east-1,ncbi.public",SRX2315882,GSM2370797,Illumina HiSeq 2500,SINGLE,cDNA,TRANSCRIPTOMIC,Mus musculus,ILLUMINA,2017-02-21T00:00:00Z,GSM2370797,CD8+ T cell,SRP092407,C57BL/6,Naive,Single Cell RNAseq,,
SRR4785652,RNA-Seq,100,2490201000,PRJNA352070,SAMN05963723,1812807157,GEO,public,"sra,fastq","s3,gs,ncbi","gs.US,s3.us-east-1,ncbi.public",SRX2315883,GSM2370798,Illumina HiSeq 2500,SINGLE,cDNA,TRANSCRIPTOMIC,Mus musculus,ILLUMINA,2017-02-21T00:00:00Z,GSM2370798,CD8+ T cell,SRP092407,C57BL/6,Div1te,Single Cell RNAseq,3G10,
SRR4785653,RNA-Seq,100,1533025100,PRJNA352070,SAMN05963722,1123187651,GEO,public,"sra,fastq","gs,s3,ncbi","gs.US,s3.us-east-1,ncbi.public",SRX2315884,GSM2370799,Illumina HiSeq 2500,SINGLE,cDNA,TRANSCRIPTOMIC,Mus musculus,ILLUMINA,2017-02-21T00:00:00Z,GSM2370799,CD8+ T cell,SRP092407,C57BL/6,Div1mem,Single Cell RNAseq,,
SRR4785654,RNA-Seq,100,1890814100,PRJNA352070,SAMN05963721,1383345865,GEO,public,"sra,fastq","ncbi,s3,gs","s3.us-east-1,gs.US,ncbi.public",SRX2315885,GSM2370800,Illumina HiSeq 2500,SINGLE,cDNA,TRANSCRIPTOMIC,Mus musculus,ILLUMINA,2017-02-21T00:00:00Z,GSM2370800,CD8+ T cell,SRP092407,C57BL/6,Div1mem,Single Cell RNAseq,,
SRR4785655,RNA-Seq,100,1608092200,PRJNA352070,SAMN05963720,1171328938,GEO,public,"fastq,sra","gs,ncbi,s3","s3.us-east-1,ncbi.public,gs.US",SRX2315886,GSM2370801,Illumina HiSeq 2500,SINGLE,cDNA,TRANSCRIPTOMIC,Mus musculus,ILLUMINA,2017-02-21T00:00:00Z,GSM2370801,CD8+ T cell,SRP092407,C57BL/6,Div1te,Single Cell RNAseq,3D10,
SRR4785656,RNA-Seq,100,1063774200,PRJNA352070,SAMN05963719,788947522,GEO,public,"sra,fastq","s3,ncbi,gs","gs.US,ncbi.public,s3.us-east-1",SRX2315887,GSM2370802,Illumina HiSeq 2500,SINGLE,cDNA,TRANSCRIPTOMIC,Mus musculus,ILLUMINA,2017-02-21T00:00:00Z,GSM2370802,CD8+ T cell,SRP092407,C57BL/6,Div1mem,Single Cell RNAseq,3F10,
SRR4785657,RNA-Seq,100,955008900,PRJNA352070,SAMN05963718,707566083,GEO,public,"fastq,sra","gs,s3,ncbi","gs.US,ncbi.public,s3.us-east-1",SRX2315888,GSM2370803,Illumina HiSeq 2500,SINGLE,cDNA,TRANSCRIPTOMIC,Mus musculus,ILLUMINA,2017-02-21T00:00:00Z,GSM2370803,CD8+ T cell,SRP092407,C57BL/6,Div1te,Single Cell RNAseq,3H10,
SRR4785658,RNA-Seq,100,1964083600,PRJNA352070,SAMN05963717,1446544359,GEO,public,"sra,fastq","s3,ncbi,gs","ncbi.public,gs.US,s3.us-east-1",SRX2315889,GSM2370804,Illumina HiSeq 2500,SINGLE,cDNA,TRANSCRIPTOMIC,Mus musculus,ILLUMINA,2017-02-21T00:00:00Z,GSM2370804,CD8+ T cell,SRP092407,C57BL/6,Div1te,Single Cell RNAseq,3E10,
SRR4785659,RNA-Seq,100,881931600,PRJNA352070,SAMN05963716,653010872,GEO,public,"sra,fastq","s3,ncbi,gs","ncbi.public,s3.us-east-1,gs.US",SRX2315890,GSM2370805,Illumina HiSeq 2500,SINGLE,cDNA,TRANSCRIPTOMIC,Mus musculus,ILLUMINA,2017-02-21T00:00:00Z,GSM2370805,CD8+ T cell,SRP092407,C57BL/6,Div1te,Single Cell RNAseq,3C10,
SRR4785660,RNA-Seq,100,898613400,PRJNA352070,SAMN05963715,665667577,GEO,public,"sra,fastq","gs,s3,ncbi","s3.us-east-1,gs.US,ncbi.public",SRX2315891,GSM2370806,Illumina HiSeq 2500,SINGLE,cDNA,TRANSCRIPTOMIC,Mus musculus,ILLUMINA,2017-02-21T00:00:00Z,GSM2370806,CD8+ T cell,SRP092407,C57BL/6,Div1te,Single Cell RNAseq,3G9,
SRR4785661,RNA-Seq,100,1762889100,PRJNA352070,SAMN05963714,1303678176,GEO,public,"fastq,sra","s3,ncbi,gs","ncbi.public,gs.US,s3.us-east-1",SRX2315892,GSM2370807,Illumina HiSeq 2500,SINGLE,cDNA,TRANSCRIPTOMIC,Mus musculus,ILLUMINA,2017-02-21T00:00:00Z,GSM2370807,CD8+ T cell,SRP092407,C57BL/6,Div1mem,Single Cell RNAseq,,
SRR4785662,RNA-Seq,100,1691912500,PRJNA352070,SAMN05963713,1250389435,GEO,public,"sra,fastq","gs,s3,ncbi","ncbi.public,gs.US,s3.us-east-1",SRX2315893,GSM2370808,Illumina HiSeq 2500,SINGLE,cDNA,TRANSCRIPTOMIC,Mus musculus,ILLUMINA,2017-02-21T00:00:00Z,GSM2370808,CD8+ T cell,SRP092407,C57BL/6,Div1te,Single Cell RNAseq,3H9,
SRR4785663,RNA-Seq,100,516623700,PRJNA352070,SAMN05963712,383468362,GEO,public,"contigs,sra,fastq","s3,ncbi,gs","ncbi.public,gs.US,s3.us-east-1",SRX2315894,GSM2370809,Illumina HiSeq 2500,SINGLE,cDNA,TRANSCRIPTOMIC,Mus musculus,ILLUMINA,2017-02-21T00:00:00Z,GSM2370809,CD8+ T cell,SRP092407,C57BL/6,Div1mem,Single Cell RNAseq,,
SRR4785664,RNA-Seq,100,1650928300,PRJNA352070,SAMN05963711,1223577125,GEO,public,"fastq,sra","ncbi,s3,gs","gs.US,s3.us-east-1,ncbi.public",SRX2315895,GSM2370810,Illumina HiSeq 2500,SINGLE,cDNA,TRANSCRIPTOMIC,Mus musculus,ILLUMINA,2017-02-21T00:00:00Z,GSM2370810,CD8+ T cell,SRP092407,C57BL/6,Div1mem,Single Cell RNAseq,,
SRR4785665,RNA-Seq,100,1219894500,PRJNA352070,SAMN05963710,909575459,GEO,public,"fastq,sra","ncbi,gs,s3","gs.US,s3.us-east-1,ncbi.public",SRX2315896,GSM2370811,Illumina HiSeq 2500,SINGLE,cDNA,TRANSCRIPTOMIC,Mus musculus,ILLUMINA,2017-02-21T00:00:00Z,GSM2370811,CD8+ T cell,SRP092407,C57BL/6,Div1te,Single Cell RNAseq,,
SRR4785666,RNA-Seq,100,1437169600,PRJNA352070,SAMN05963769,1056104076,GEO,public,"sra,fastq","ncbi,s3,gs","s3.us-east-1,gs.US,ncbi.public",SRX2315897,GSM2370812,Illumina HiSeq 2500,SINGLE,cDNA,TRANSCRIPTOMIC,Mus musculus,ILLUMINA,2017-02-21T00:00:00Z,GSM2370812,CD8+ T cell,SRP092407,C57BL/6,Div1mem,Single Cell RNAseq,,
SRR4785667,RNA-Seq,100,911769600,PRJNA352070,SAMN05963768,674138080,GEO,public,"fastq,sra","gs,ncbi,s3","ncbi.public,s3.us-east-1,gs.US",SRX2315898,GSM2370813,Illumina HiSeq 2500,SINGLE,cDNA,TRANSCRIPTOMIC,Mus musculus,ILLUMINA,2017-02-21T00:00:00Z,GSM2370813,CD8+ T cell,SRP092407,C57BL/6,Div1te,Single Cell RNAseq,,
SRR4785668,RNA-Seq,100,1352772400,PRJNA352070,SAMN05963767,978211984,GEO,public,"sra,fastq","ncbi,s3,gs","ncbi.public,s3.us-east-1,gs.US",SRX2315899,GSM2370814,Illumina HiSeq 2500,SINGLE,cDNA,TRANSCRIPTOMIC,Mus musculus,ILLUMINA,2017-02-21T00:00:00Z,GSM2370814,CD8+ T cell,SRP092407,C57BL/6,Day4,Single Cell RNAseq,3A10,
SRR4785669,RNA-Seq,100,1091816200,PRJNA352070,SAMN05963766,794695283,GEO,public,"sra,fastq","ncbi,s3,gs","gs.US,s3.us-east-1,ncbi.public",SRX2315900,GSM2370815,Illumina HiSeq 2500,SINGLE,cDNA,TRANSCRIPTOMIC,Mus musculus,ILLUMINA,2017-02-21T00:00:00Z,GSM2370815,CD8+ T cell,SRP092407,C57BL/6,Day4,Single Cell RNAseq,,
SRR4785670,RNA-Seq,100,1409072000,PRJNA352070,SAMN05963765,1020172182,GEO,public,"sra,fastq","s3,ncbi,gs","s3.us-east-1,ncbi.public,gs.US",SRX2315901,GSM2370816,Illumina HiSeq 2500,SINGLE,cDNA,TRANSCRIPTOMIC,Mus musculus,ILLUMINA,2017-02-21T00:00:00Z,GSM2370816,CD8+ T cell,SRP092407,C57BL/6,Day4,Single Cell RNAseq,,
SRR4785671,RNA-Seq,100,681218200,PRJNA352070,SAMN05963764,491353139,GEO,public,"sra,fastq,contigs","ncbi,s3,gs","gs.US,ncbi.public,s3.us-east-1",SRX2315902,GSM2370817,Illumina HiSeq 2500,SINGLE,cDNA,TRANSCRIPTOMIC,Mus musculus,ILLUMINA,2017-02-21T00:00:00Z,GSM2370817,CD8+ T cell,SRP092407,C57BL/6,Day4,Single Cell RNAseq,,
SRR4785672,RNA-Seq,100,1174899000,PRJNA352070,SAMN05963763,859033943,GEO,public,"sra,fastq","gs,s3,ncbi","ncbi.public,s3.us-east-1,gs.US",SRX2315903,GSM2370818,Illumina HiSeq 2500,SINGLE,cDNA,TRANSCRIPTOMIC,Mus musculus,ILLUMINA,2017-02-21T00:00:00Z,GSM2370818,CD8+ T cell,SRP092407,C57BL/6,Day4,Single Cell RNAseq,,
SRR4785673,RNA-Seq,100,2466776300,PRJNA352070,SAMN05963762,1790210109,GEO,public,"sra,fastq","s3,ncbi,gs","ncbi.public,s3.us-east-1,gs.US",SRX2315904,GSM2370819,Illumina HiSeq 2500,SINGLE,cDNA,TRANSCRIPTOMIC,Mus musculus,ILLUMINA,2017-02-21T00:00:00Z,GSM2370819,CD8+ T cell,SRP092407,C57BL/6,Day4,Single Cell RNAseq,,
SRR4785674,RNA-Seq,100,1345860700,PRJNA352070,SAMN05963761,986054679,GEO,public,"sra,fastq","gs,ncbi,s3","s3.us-east-1,gs.US,ncbi.public",SRX2315905,GSM2370820,Illumina HiSeq 2500,SINGLE,cDNA,TRANSCRIPTOMIC,Mus musculus,ILLUMINA,2017-02-21T00:00:00Z,GSM2370820,CD8+ T cell,SRP092407,C57BL/6,Day4,Single Cell RNAseq,,
SRR4785675,RNA-Seq,100,2986075300,PRJNA352070,SAMN05963760,2173480955,GEO,public,"sra,fastq","s3,ncbi,gs","gs.US,ncbi.public,s3.us-east-1",SRX2315906,GSM2370821,Illumina HiSeq 2500,SINGLE,cDNA,TRANSCRIPTOMIC,Mus musculus,ILLUMINA,2017-02-21T00:00:00Z,GSM2370821,CD8+ T cell,SRP092407,C57BL/6,Day4,Single Cell RNAseq,,
SRR4785676,RNA-Seq,100,1834842200,PRJNA352070,SAMN05963759,1326786515,GEO,public,"sra,fastq","gs,ncbi,s3","ncbi.public,gs.US,s3.us-east-1",SRX2315907,GSM2370822,Illumina HiSeq 2500,SINGLE,cDNA,TRANSCRIPTOMIC,Mus musculus,ILLUMINA,2017-02-21T00:00:00Z,GSM2370822,CD8+ T cell,SRP092407,C57BL/6,Day4,Single Cell RNAseq,3A9,
SRR4785677,RNA-Seq,100,1691241700,PRJNA352070,SAMN05963758,1232693605,GEO,public,"fastq,sra","s3,ncbi,gs","gs.US,s3.us-east-1,ncbi.public",SRX2315908,GSM2370823,Illumina HiSeq 2500,SINGLE,cDNA,TRANSCRIPTOMIC,Mus musculus,ILLUMINA,2017-02-21T00:00:00Z,GSM2370823,CD8+ T cell,SRP092407,C57BL/6,Day4,Single Cell RNAseq,,
SRR4785678,RNA-Seq,100,1598042600,PRJNA352070,SAMN05963757,1165805053,GEO,public,"fastq,sra","ncbi,s3,gs","gs.US,s3.us-east-1,ncbi.public",SRX2315909,GSM2370824,Illumina HiSeq 2500,SINGLE,cDNA,TRANSCRIPTOMIC,Mus musculus,ILLUMINA,2017-02-21T00:00:00Z,GSM2370824,CD8+ T cell,SRP092407,C57BL/6,Day4,Single Cell RNAseq,,
SRR4785679,RNA-Seq,100,2170825200,PRJNA352070,SAMN05963756,1567825595,GEO,public,"sra,fastq","ncbi,s3,gs","ncbi.public,s3.us-east-1,gs.US",SRX2315910,GSM2370825,Illumina HiSeq 2500,SINGLE,cDNA,TRANSCRIPTOMIC,Mus musculus,ILLUMINA,2017-02-21T00:00:00Z,GSM2370825,CD8+ T cell,SRP092407,C57BL/6,Day4,Single Cell RNAseq,,
SRR4785680,RNA-Seq,100,869128000,PRJNA352070,SAMN05963755,634896398,GEO,public,"sra,fastq","gs,s3,ncbi","ncbi.public,s3.us-east-1,gs.US",SRX2315911,GSM2370826,Illumina HiSeq 2500,SINGLE,cDNA,TRANSCRIPTOMIC,Mus musculus,ILLUMINA,2017-02-21T00:00:00Z,GSM2370826,CD8+ T cell,SRP092407,C57BL/6,Day4,Single Cell RNAseq,,
SRR4785681,RNA-Seq,100,1897752000,PRJNA352070,SAMN05963754,1382862474,GEO,public,"fastq,sra","gs,ncbi,s3","s3.us-east-1,ncbi.public,gs.US",SRX2315912,GSM2370827,Illumina HiSeq 2500,SINGLE,cDNA,TRANSCRIPTOMIC,Mus musculus,ILLUMINA,2017-02-21T00:00:00Z,GSM2370827,CD8+ T cell,SRP092407,C57BL/6,Day4,Single Cell RNAseq,,
SRR4785682,RNA-Seq,100,1785151100,PRJNA352070,SAMN05963753,1299711107,GEO,public,"fastq,sra","s3,ncbi,gs","ncbi.public,s3.us-east-1,gs.US",SRX2315913,GSM2370828,Illumina HiSeq 2500,SINGLE,cDNA,TRANSCRIPTOMIC,Mus musculus,ILLUMINA,2017-02-21T00:00:00Z,GSM2370828,CD8+ T cell,SRP092407,C57BL/6,Day4,Single Cell RNAseq,,
SRR4785683,RNA-Seq,100,1747518500,PRJNA352070,SAMN05963752,1278427546,GEO,public,"sra,fastq","s3,gs,ncbi","s3.us-east-1,ncbi.public,gs.US",SRX2315914,GSM2370829,Illumina HiSeq 2500,SINGLE,cDNA,TRANSCRIPTOMIC,Mus musculus,ILLUMINA,2017-02-21T00:00:00Z,GSM2370829,CD8+ T cell,SRP092407,C57BL/6,Day4,Single Cell RNAseq,,
SRR4785684,RNA-Seq,100,1528790100,PRJNA352070,SAMN05963751,1124785653,GEO,public,"fastq,sra","s3,ncbi,gs","ncbi.public,s3.us-east-1,gs.US",SRX2315915,GSM2370830,Illumina HiSeq 2500,SINGLE,cDNA,TRANSCRIPTOMIC,Mus musculus,ILLUMINA,2017-02-21T00:00:00Z,GSM2370830,CD8+ T cell,SRP092407,C57BL/6,Day7,Single Cell RNAseq,,
SRR4785685,RNA-Seq,100,1503758000,PRJNA352070,SAMN05963750,1098139940,GEO,public,"fastq,sra","ncbi,s3,gs","gs.US,ncbi.public,s3.us-east-1",SRX2315916,GSM2370831,Illumina HiSeq 2500,SINGLE,cDNA,TRANSCRIPTOMIC,Mus musculus,ILLUMINA,2017-02-21T00:00:00Z,GSM2370831,CD8+ T cell,SRP092407,C57BL/6,Day7,Single Cell RNAseq,3H6,
SRR4785686,RNA-Seq,100,2277359500,PRJNA352070,SAMN05963749,1663160958,GEO,public,"sra,fastq","gs,ncbi,s3","gs.US,s3.us-east-1,ncbi.public",SRX2315917,GSM2370832,Illumina HiSeq 2500,SINGLE,cDNA,TRANSCRIPTOMIC,Mus musculus,ILLUMINA,2017-02-21T00:00:00Z,GSM2370832,CD8+ T cell,SRP092407,C57BL/6,Day7,Single Cell RNAseq,3H5,
SRR4785687,RNA-Seq,100,469949600,PRJNA352070,SAMN05963748,345593596,GEO,public,"sra,contigs,fastq","gs,s3,ncbi","gs.US,s3.us-east-1,ncbi.public",SRX2315918,GSM2370833,Illumina HiSeq 2500,SINGLE,cDNA,TRANSCRIPTOMIC,Mus musculus,ILLUMINA,2017-02-21T00:00:00Z,GSM2370833,CD8+ T cell,SRP092407,C57BL/6,Day7,Single Cell RNAseq,,
SRR4785688,RNA-Seq,100,1775326000,PRJNA352070,SAMN05963747,1297191564,GEO,public,"sra,fastq","s3,gs,ncbi","s3.us-east-1,gs.US,ncbi.public",SRX2315919,GSM2370834,Illumina HiSeq 2500,SINGLE,cDNA,TRANSCRIPTOMIC,Mus musculus,ILLUMINA,2017-02-21T00:00:00Z,GSM2370834,CD8+ T cell,SRP092407,C57BL/6,Day7,Single Cell RNAseq,,
SRR4785689,RNA-Seq,100,1786927300,PRJNA352070,SAMN05963746,1310757749,GEO,public,"fastq,sra","s3,gs,ncbi","gs.US,s3.us-east-1,ncbi.public",SRX2315920,GSM2370835,Illumina HiSeq 2500,SINGLE,cDNA,TRANSCRIPTOMIC,Mus musculus,ILLUMINA,2017-02-21T00:00:00Z,GSM2370835,CD8+ T cell,SRP092407,C57BL/6,Day7,Single Cell RNAseq,,
SRR4785690,RNA-Seq,100,1723241200,PRJNA352070,SAMN05963745,1264567443,GEO,public,"fastq,sra","s3,gs,ncbi","s3.us-east-1,ncbi.public,gs.US",SRX2315921,GSM2370836,Illumina HiSeq 2500,SINGLE,cDNA,TRANSCRIPTOMIC,Mus musculus,ILLUMINA,2017-02-21T00:00:00Z,GSM2370836,CD8+ T cell,SRP092407,C57BL/6,Day7,Single Cell RNAseq,,
SRR4785691,RNA-Seq,100,1872127300,PRJNA352070,SAMN05963744,1353303068,GEO,public,"fastq,sra","s3,ncbi,gs","gs.US,s3.us-east-1,ncbi.public",SRX2315922,GSM2370837,Illumina HiSeq 2500,SINGLE,cDNA,TRANSCRIPTOMIC,Mus musculus,ILLUMINA,2017-02-21T00:00:00Z,GSM2370837,CD8+ T cell,SRP092407,C57BL/6,Day7,Single Cell RNAseq,,
SRR4785692,RNA-Seq,100,2228413900,PRJNA352070,SAMN05963743,1616292078,GEO,public,"sra,fastq","gs,ncbi,s3","ncbi.public,gs.US,s3.us-east-1",SRX2315923,GSM2370838,Illumina HiSeq 2500,SINGLE,cDNA,TRANSCRIPTOMIC,Mus musculus,ILLUMINA,2017-02-21T00:00:00Z,GSM2370838,CD8+ T cell,SRP092407,C57BL/6,Day7,Single Cell RNAseq,,
SRR4785693,RNA-Seq,100,1062848400,PRJNA352070,SAMN05963742,772450547,GEO,public,"sra,fastq","s3,gs,ncbi","gs.US,s3.us-east-1,ncbi.public",SRX2315924,GSM2370839,Illumina HiSeq 2500,SINGLE,cDNA,TRANSCRIPTOMIC,Mus musculus,ILLUMINA,2017-02-21T00:00:00Z,GSM2370839,CD8+ T cell,SRP092407,C57BL/6,Day7,Single Cell RNAseq,,
SRR4785694,RNA-Seq,100,2505387800,PRJNA352070,SAMN05963741,1811838526,GEO,public,"sra,fastq","s3,ncbi,gs","s3.us-east-1,gs.US,ncbi.public",SRX2315925,GSM2370840,Illumina HiSeq 2500,SINGLE,cDNA,TRANSCRIPTOMIC,Mus musculus,ILLUMINA,2017-02-21T00:00:00Z,GSM2370840,CD8+ T cell,SRP092407,C57BL/6,Day7,Single Cell RNAseq,,
SRR4785695,RNA-Seq,100,825123400,PRJNA352070,SAMN05963740,599022906,GEO,public,"fastq,sra","ncbi,gs,s3","ncbi.public,gs.US,s3.us-east-1",SRX2315926,GSM2370841,Illumina HiSeq 2500,SINGLE,cDNA,TRANSCRIPTOMIC,Mus musculus,ILLUMINA,2017-02-21T00:00:00Z,GSM2370841,CD8+ T cell,SRP092407,C57BL/6,Day7,Single Cell RNAseq,,
SRR4785696,RNA-Seq,100,568540800,PRJNA352070,SAMN05963675,412033785,GEO,public,"contigs,sra,fastq","s3,gs,ncbi","gs.US,ncbi.public,s3.us-east-1",SRX2315927,GSM2370842,Illumina HiSeq 2500,SINGLE,cDNA,TRANSCRIPTOMIC,Mus musculus,ILLUMINA,2017-02-21T00:00:00Z,GSM2370842,CD8+ T cell,SRP092407,C57BL/6,Day7,Single Cell RNAseq,,
SRR4785697,RNA-Seq,100,2380042200,PRJNA352070,SAMN05963674,1722140741,GEO,public,"fastq,sra","gs,ncbi,s3","ncbi.public,s3.us-east-1,gs.US",SRX2315928,GSM2370843,Illumina HiSeq 2500,SINGLE,cDNA,TRANSCRIPTOMIC,Mus musculus,ILLUMINA,2017-02-21T00:00:00Z,GSM2370843,CD8+ T cell,SRP092407,C57BL/6,Day7,Single Cell RNAseq,,
SRR4785698,RNA-Seq,100,881516100,PRJNA352070,SAMN05963673,660942855,GEO,public,"fastq,sra","ncbi,s3,gs","ncbi.public,s3.us-east-1,gs.US",SRX2315929,GSM2370844,Illumina HiSeq 2500,SINGLE,cDNA,TRANSCRIPTOMIC,Mus musculus,ILLUMINA,2017-02-21T00:00:00Z,GSM2370844,CD8+ T cell,SRP092407,C57BL/6,Day7,Single Cell RNAseq,,
SRR4785699,RNA-Seq,100,1753079700,PRJNA352070,SAMN05963672,1272890860,GEO,public,"sra,fastq","s3,ncbi,gs","s3.us-east-1,gs.US,ncbi.public",SRX2315930,GSM2370845,Illumina HiSeq 2500,SINGLE,cDNA,TRANSCRIPTOMIC,Mus musculus,ILLUMINA,2017-02-21T00:00:00Z,GSM2370845,CD8+ T cell,SRP092407,C57BL/6,Day7,Single Cell RNAseq,,
SRR4785700,RNA-Seq,100,2341151200,PRJNA352070,SAMN05963665,1705611437,GEO,public,"fastq,sra","s3,gs,ncbi","s3.us-east-1,gs.US,ncbi.public",SRX2315931,GSM2370846,Illumina HiSeq 2500,SINGLE,cDNA,TRANSCRIPTOMIC,Mus musculus,ILLUMINA,2017-02-21T00:00:00Z,GSM2370846,CD8+ T cell,SRP092407,C57BL/6,Tcm,Single Cell RNAseq,,
SRR4785701,RNA-Seq,100,1946902900,PRJNA352070,SAMN05963671,1417460713,GEO,public,"fastq,sra","s3,gs,ncbi","ncbi.public,gs.US,s3.us-east-1",SRX2315932,GSM2370847,Illumina HiSeq 2500,SINGLE,cDNA,TRANSCRIPTOMIC,Mus musculus,ILLUMINA,2017-02-21T00:00:00Z,GSM2370847,CD8+ T cell,SRP092407,C57BL/6,Tcm,Single Cell RNAseq,,
SRR4785702,RNA-Seq,100,1713947000,PRJNA352070,SAMN05963670,1246685123,GEO,public,"sra,fastq","s3,ncbi,gs","gs.US,ncbi.public,s3.us-east-1",SRX2315933,GSM2370848,Illumina HiSeq 2500,SINGLE,cDNA,TRANSCRIPTOMIC,Mus musculus,ILLUMINA,2017-02-21T00:00:00Z,GSM2370848,CD8+ T cell,SRP092407,C57BL/6,Tcm,Single Cell RNAseq,,
SRR4785703,RNA-Seq,100,1953269200,PRJNA352070,SAMN05963669,1407327529,GEO,public,"sra,fastq","ncbi,gs,s3","gs.US,ncbi.public,s3.us-east-1",SRX2315934,GSM2370849,Illumina HiSeq 2500,SINGLE,cDNA,TRANSCRIPTOMIC,Mus musculus,ILLUMINA,2017-02-21T00:00:00Z,GSM2370849,CD8+ T cell,SRP092407,C57BL/6,Tcm,Single Cell RNAseq,3B10,
SRR4785704,RNA-Seq,100,1068545400,PRJNA352070,SAMN05963668,782372034,GEO,public,"fastq,sra","ncbi,gs,s3","gs.US,s3.us-east-1,ncbi.public",SRX2315935,GSM2370850,Illumina HiSeq 2500,SINGLE,cDNA,TRANSCRIPTOMIC,Mus musculus,ILLUMINA,2017-02-21T00:00:00Z,GSM2370850,CD8+ T cell,SRP092407,C57BL/6,Tcm,Single Cell RNAseq,,
SRR4785705,RNA-Seq,100,1317361800,PRJNA352070,SAMN05963667,961390577,GEO,public,"fastq,sra","s3,ncbi,gs","gs.US,s3.us-east-1,ncbi.public",SRX2315936,GSM2370851,Illumina HiSeq 2500,SINGLE,cDNA,TRANSCRIPTOMIC,Mus musculus,ILLUMINA,2017-02-21T00:00:00Z,GSM2370851,CD8+ T cell,SRP092407,C57BL/6,Tcm,Single Cell RNAseq,,
SRR4785706,RNA-Seq,100,1324938100,PRJNA352070,SAMN05963666,961521890,GEO,public,"fastq,sra","gs,s3,ncbi","ncbi.public,gs.US,s3.us-east-1",SRX2315937,GSM2370852,Illumina HiSeq 2500,SINGLE,cDNA,TRANSCRIPTOMIC,Mus musculus,ILLUMINA,2017-02-21T00:00:00Z,GSM2370852,CD8+ T cell,SRP092407,C57BL/6,Tcm,Single Cell RNAseq,,
SRR4785707,RNA-Seq,100,1362514500,PRJNA352070,SAMN05963664,1025110094,GEO,public,"fastq,sra","ncbi,s3,gs","gs.US,ncbi.public,s3.us-east-1",SRX2315938,GSM2370853,Illumina HiSeq 2500,SINGLE,cDNA,TRANSCRIPTOMIC,Mus musculus,ILLUMINA,2017-02-21T00:00:00Z,GSM2370853,CD8+ T cell,SRP092407,C57BL/6,Tcm,Single Cell RNAseq,,
SRR4785708,RNA-Seq,100,589528300,PRJNA352070,SAMN05963663,438042850,GEO,public,"sra,contigs,fastq","ncbi,s3,gs","gs.US,ncbi.public,s3.us-east-1",SRX2315939,GSM2370854,Illumina HiSeq 2500,SINGLE,cDNA,TRANSCRIPTOMIC,Mus musculus,ILLUMINA,2017-02-21T00:00:00Z,GSM2370854,CD8+ T cell,SRP092407,C57BL/6,Tcm,Single Cell RNAseq,,
SRR4785709,RNA-Seq,100,1915615700,PRJNA352070,SAMN05963662,1391283859,GEO,public,"sra,fastq","gs,s3,ncbi","gs.US,s3.us-east-1,ncbi.public",SRX2315940,GSM2370855,Illumina HiSeq 2500,SINGLE,cDNA,TRANSCRIPTOMIC,Mus musculus,ILLUMINA,2017-02-21T00:00:00Z,GSM2370855,CD8+ T cell,SRP092407,C57BL/6,Tcm,Single Cell RNAseq,,
SRR4785710,RNA-Seq,100,1873639400,PRJNA352070,SAMN05963661,1364222120,GEO,public,"sra,fastq","ncbi,gs,s3","gs.US,s3.us-east-1,ncbi.public",SRX2315941,GSM2370856,Illumina HiSeq 2500,SINGLE,cDNA,TRANSCRIPTOMIC,Mus musculus,ILLUMINA,2017-02-21T00:00:00Z,GSM2370856,CD8+ T cell,SRP092407,C57BL/6,Tcm,Single Cell RNAseq,,
SRR4785711,RNA-Seq,100,2321254800,PRJNA352070,SAMN05963660,1691484436,GEO,public,"sra,fastq","ncbi,s3,gs","gs.US,s3.us-east-1,ncbi.public",SRX2315942,GSM2370857,Illumina HiSeq 2500,SINGLE,cDNA,TRANSCRIPTOMIC,Mus musculus,ILLUMINA,2017-02-21T00:00:00Z,GSM2370857,CD8+ T cell,SRP092407,C57BL/6,Tcm,Single Cell RNAseq,,
SRR4785712,RNA-Seq,100,582855800,PRJNA352070,SAMN05963659,444593867,GEO,public,"sra,contigs,fastq","gs,s3,ncbi","gs.US,ncbi.public,s3.us-east-1",SRX2315943,GSM2370858,Illumina HiSeq 2500,SINGLE,cDNA,TRANSCRIPTOMIC,Mus musculus,ILLUMINA,2017-02-21T00:00:00Z,GSM2370858,CD8+ T cell,SRP092407,C57BL/6,Tcm,Single Cell RNAseq,,
SRR4785713,RNA-Seq,100,1131637200,PRJNA352070,SAMN05963658,820651486,GEO,public,"fastq,sra","gs,ncbi,s3","gs.US,ncbi.public,s3.us-east-1",SRX2315944,GSM2370859,Illumina HiSeq 2500,SINGLE,cDNA,TRANSCRIPTOMIC,Mus musculus,ILLUMINA,2017-02-21T00:00:00Z,GSM2370859,CD8+ T cell,SRP092407,C57BL/6,Tcm,Single Cell RNAseq,,
SRR4785714,RNA-Seq,100,1532065700,PRJNA352070,SAMN05963657,1121089964,GEO,public,"fastq,sra","gs,ncbi,s3","ncbi.public,gs.US,s3.us-east-1",SRX2315945,GSM2370860,Illumina HiSeq 2500,SINGLE,cDNA,TRANSCRIPTOMIC,Mus musculus,ILLUMINA,2017-02-21T00:00:00Z,GSM2370860,CD8+ T cell,SRP092407,C57BL/6,Tcm,Single Cell RNAseq,,
SRR4785715,RNA-Seq,100,3412364300,PRJNA352070,SAMN05963656,2472706642,GEO,public,"fastq,sra","s3,ncbi,gs","s3.us-east-1,gs.US,ncbi.public",SRX2315946,GSM2370861,Illumina HiSeq 2500,SINGLE,cDNA,TRANSCRIPTOMIC,Mus musculus,ILLUMINA,2017-02-21T00:00:00Z,GSM2370861,CD8+ T cell,SRP092407,C57BL/6,Tcm,Single Cell RNAseq,,
SRR4785716,RNA-Seq,100,975354600,PRJNA352070,SAMN05963655,603242056,GEO,public,"sra,fastq","s3,gs,ncbi","s3.us-east-1,gs.US,ncbi.public",SRX2315947,GSM2370862,Illumina HiSeq 2500,SINGLE,cDNA,TRANSCRIPTOMIC,Mus musculus,ILLUMINA,2017-02-21T00:00:00Z,GSM2370862,CD8+ T cell,SRP092407,C57BL/6,Day4,Single Cell RNAseq,2E7,
SRR4785717,RNA-Seq,100,1130402100,PRJNA352070,SAMN05963654,690940577,GEO,public,"fastq,sra","gs,s3,ncbi","gs.US,ncbi.public,s3.us-east-1",SRX2315948,GSM2370863,Illumina HiSeq 2500,SINGLE,cDNA,TRANSCRIPTOMIC,Mus musculus,ILLUMINA,2017-02-21T00:00:00Z,GSM2370863,CD8+ T cell,SRP092407,C57BL/6,Day7,Single Cell RNAseq,,
SRR4785718,RNA-Seq,100,1039366300,PRJNA352070,SAMN05963777,628244903,GEO,public,"sra,fastq","gs,s3,ncbi","ncbi.public,s3.us-east-1,gs.US",SRX2315949,GSM2370864,Illumina HiSeq 2500,SINGLE,cDNA,TRANSCRIPTOMIC,Mus musculus,ILLUMINA,2017-02-21T00:00:00Z,GSM2370864,CD8+ T cell,SRP092407,C57BL/6,Day7,Single Cell RNAseq,,
SRR4785719,RNA-Seq,100,860997800,PRJNA352070,SAMN05963776,527418166,GEO,public,"sra,fastq","gs,s3,ncbi","s3.us-east-1,gs.US,ncbi.public",SRX2315950,GSM2370865,Illumina HiSeq 2500,SINGLE,cDNA,TRANSCRIPTOMIC,Mus musculus,ILLUMINA,2017-02-21T00:00:00Z,GSM2370865,CD8+ T cell,SRP092407,C57BL/6,Tcm,Single Cell RNAseq,,
SRR4785720,RNA-Seq,100,1322815200,PRJNA352070,SAMN05963775,831134692,GEO,public,"fastq,sra","ncbi,gs,s3","ncbi.public,s3.us-east-1,gs.US",SRX2315951,GSM2370866,Illumina HiSeq 2500,SINGLE,cDNA,TRANSCRIPTOMIC,Mus musculus,ILLUMINA,2017-02-21T00:00:00Z,GSM2370866,CD8+ T cell,SRP092407,C57BL/6,Tcm,Single Cell RNAseq,,
SRR4785721,RNA-Seq,100,1280969500,PRJNA352070,SAMN05963774,803718710,GEO,public,"sra,fastq","gs,s3,ncbi","ncbi.public,gs.US,s3.us-east-1",SRX2315952,GSM2370867,Illumina HiSeq 2500,SINGLE,cDNA,TRANSCRIPTOMIC,Mus musculus,ILLUMINA,2017-02-21T00:00:00Z,GSM2370867,CD8+ T cell,SRP092407,C57BL/6,Tem,Single Cell RNAseq,,
SRR4785722,RNA-Seq,100,359186800,PRJNA352070,SAMN05963773,215628345,GEO,public,"fastq,sra,contigs","ncbi,gs,s3","s3.us-east-1,ncbi.public,gs.US",SRX2315953,GSM2370868,Illumina HiSeq 2500,SINGLE,cDNA,TRANSCRIPTOMIC,Mus musculus,ILLUMINA,2017-02-21T00:00:00Z,GSM2370868,CD8+ T cell,SRP092407,C57BL/6,Tem,Single Cell RNAseq,,
SRR4785723,RNA-Seq,100,899141300,PRJNA352070,SAMN05963772,551968452,GEO,public,"sra,fastq","s3,gs,ncbi","gs.US,ncbi.public,s3.us-east-1",SRX2315954,GSM2370869,Illumina HiSeq 2500,SINGLE,cDNA,TRANSCRIPTOMIC,Mus musculus,ILLUMINA,2017-02-21T00:00:00Z,GSM2370869,CD8+ T cell,SRP092407,C57BL/6,Tem,Single Cell RNAseq,1C11,
SRR4785724,RNA-Seq,100,1305424700,PRJNA352070,SAMN05963771,806477430,GEO,public,"sra,fastq","ncbi,s3,gs","ncbi.public,s3.us-east-1,gs.US",SRX2315955,GSM2370870,Illumina HiSeq 2500,SINGLE,cDNA,TRANSCRIPTOMIC,Mus musculus,ILLUMINA,2017-02-21T00:00:00Z,GSM2370870,CD8+ T cell,SRP092407,C57BL/6,Tem,Single Cell RNAseq,2B1,
SRR4785725,RNA-Seq,100,1133193400,PRJNA352070,SAMN05963770,695872788,GEO,public,"fastq,sra","gs,ncbi,s3","ncbi.public,s3.us-east-1,gs.US",SRX2315956,GSM2370871,Illumina HiSeq 2500,SINGLE,cDNA,TRANSCRIPTOMIC,Mus musculus,ILLUMINA,2017-02-21T00:00:00Z,GSM2370871,CD8+ T cell,SRP092407,C57BL/6,Div1te,Single Cell RNAseq,,
SRR4785726,RNA-Seq,100,1004408600,PRJNA352070,SAMN05963705,612625023,GEO,public,"fastq,sra","s3,ncbi,gs","gs.US,ncbi.public,s3.us-east-1",SRX2315957,GSM2370872,Illumina HiSeq 2500,SINGLE,cDNA,TRANSCRIPTOMIC,Mus musculus,ILLUMINA,2017-02-21T00:00:00Z,GSM2370872,CD8+ T cell,SRP092407,C57BL/6,Div1mem,Single Cell RNAseq,,
SRR4785727,RNA-Seq,100,592557900,PRJNA352070,SAMN05963704,351769037,GEO,public,"contigs,sra,fastq","ncbi,s3,gs","ncbi.public,gs.US,s3.us-east-1",SRX2315958,GSM2370873,Illumina HiSeq 2500,SINGLE,cDNA,TRANSCRIPTOMIC,Mus musculus,ILLUMINA,2017-02-21T00:00:00Z,GSM2370873,CD8+ T cell,SRP092407,C57BL/6,Day4,Single Cell RNAseq,2A7,
SRR4785728,RNA-Seq,100,1088203800,PRJNA352070,SAMN05963703,764965399,GEO,public,"fastq,sra","ncbi,gs,s3","s3.us-east-1,ncbi.public,gs.US",SRX2315959,GSM2370874,Illumina HiSeq 2500,SINGLE,cDNA,TRANSCRIPTOMIC,Mus musculus,ILLUMINA,2017-02-21T00:00:00Z,GSM2370874,CD8+ T cell,SRP092407,C57BL/6,Tcm,Single Cell RNAseq,2B12,
SRR4785729,RNA-Seq,100,1292618400,PRJNA352070,SAMN05963702,888441879,GEO,public,"fastq,sra","s3,gs,ncbi","ncbi.public,gs.US,s3.us-east-1",SRX2315960,GSM2370875,Illumina HiSeq 2500,SINGLE,cDNA,TRANSCRIPTOMIC,Mus musculus,ILLUMINA,2017-02-21T00:00:00Z,GSM2370875,CD8+ T cell,SRP092407,C57BL/6,Day7,Single Cell RNAseq,,
SRR4785730,RNA-Seq,100,1411744400,PRJNA352070,SAMN05963701,921819811,GEO,public,"sra,fastq","ncbi,gs,s3","gs.US,s3.us-east-1,ncbi.public",SRX2315961,GSM2370876,Illumina HiSeq 2500,SINGLE,cDNA,TRANSCRIPTOMIC,Mus musculus,ILLUMINA,2017-02-21T00:00:00Z,GSM2370876,CD8+ T cell,SRP092407,C57BL/6,Day7,Single Cell RNAseq,,
SRR4785731,RNA-Seq,100,1244750200,PRJNA352070,SAMN05963700,832018873,GEO,public,"fastq,sra","gs,ncbi,s3","s3.us-east-1,gs.US,ncbi.public",SRX2315962,GSM2370877,Illumina HiSeq 2500,SINGLE,cDNA,TRANSCRIPTOMIC,Mus musculus,ILLUMINA,2017-02-21T00:00:00Z,GSM2370877,CD8+ T cell,SRP092407,C57BL/6,Tcm,Single Cell RNAseq,,
SRR4785732,RNA-Seq,100,1144594700,PRJNA352070,SAMN05963699,767816879,GEO,public,"sra,fastq","ncbi,s3,gs","s3.us-east-1,gs.US,ncbi.public",SRX2315963,GSM2370878,Illumina HiSeq 2500,SINGLE,cDNA,TRANSCRIPTOMIC,Mus musculus,ILLUMINA,2017-02-21T00:00:00Z,GSM2370878,CD8+ T cell,SRP092407,C57BL/6,Tcm,Single Cell RNAseq,,
SRR4785733,RNA-Seq,100,2040080300,PRJNA352070,SAMN05963698,1366269607,GEO,public,"sra,fastq","ncbi,gs,s3","gs.US,ncbi.public,s3.us-east-1",SRX2315964,GSM2370879,Illumina HiSeq 2500,SINGLE,cDNA,TRANSCRIPTOMIC,Mus musculus,ILLUMINA,2017-02-21T00:00:00Z,GSM2370879,CD8+ T cell,SRP092407,C57BL/6,Tem,Single Cell RNAseq,,
SRR4785734,RNA-Seq,100,2057417700,PRJNA352070,SAMN05963697,1379204735,GEO,public,"sra,fastq","gs,s3,ncbi","ncbi.public,s3.us-east-1,gs.US",SRX2315965,GSM2370880,Illumina HiSeq 2500,SINGLE,cDNA,TRANSCRIPTOMIC,Mus musculus,ILLUMINA,2017-02-21T00:00:00Z,GSM2370880,CD8+ T cell,SRP092407,C57BL/6,Tem,Single Cell RNAseq,,
SRR4785735,RNA-Seq,100,1544287800,PRJNA352070,SAMN05963696,1024067988,GEO,public,"fastq,sra","ncbi,gs,s3","ncbi.public,s3.us-east-1,gs.US",SRX2315966,GSM2370881,Illumina HiSeq 2500,SINGLE,cDNA,TRANSCRIPTOMIC,Mus musculus,ILLUMINA,2017-02-21T00:00:00Z,GSM2370881,CD8+ T cell,SRP092407,C57BL/6,Tem,Single Cell RNAseq,2F1,
SRR4785736,RNA-Seq,100,1264329600,PRJNA352070,SAMN05963695,859903158,GEO,public,"sra,fastq","s3,ncbi,gs","ncbi.public,s3.us-east-1,gs.US",SRX2315967,GSM2370882,Illumina HiSeq 2500,SINGLE,cDNA,TRANSCRIPTOMIC,Mus musculus,ILLUMINA,2017-02-21T00:00:00Z,GSM2370882,CD8+ T cell,SRP092407,C57BL/6,Tem,Single Cell RNAseq,2C2,
SRR4785737,RNA-Seq,100,1449456000,PRJNA352070,SAMN05963694,965623330,GEO,public,"fastq,sra","ncbi,s3,gs","ncbi.public,gs.US,s3.us-east-1",SRX2315968,GSM2370883,Illumina HiSeq 2500,SINGLE,cDNA,TRANSCRIPTOMIC,Mus musculus,ILLUMINA,2017-02-21T00:00:00Z,GSM2370883,CD8+ T cell,SRP092407,C57BL/6,Div1te,Single Cell RNAseq,,
SRR4785738,RNA-Seq,100,1138842100,PRJNA352070,SAMN05963693,795977571,GEO,public,"fastq,sra","ncbi,gs,s3","ncbi.public,gs.US,s3.us-east-1",SRX2315969,GSM2370884,Illumina HiSeq 2500,SINGLE,cDNA,TRANSCRIPTOMIC,Mus musculus,ILLUMINA,2017-02-21T00:00:00Z,GSM2370884,CD8+ T cell,SRP092407,C57BL/6,Div1te,Single Cell RNAseq,,
SRR4785739,RNA-Seq,100,1542477500,PRJNA352070,SAMN05963692,978118832,GEO,public,"fastq,sra","gs,ncbi,s3","gs.US,s3.us-east-1,ncbi.public",SRX2315970,GSM2370885,Illumina HiSeq 2500,SINGLE,cDNA,TRANSCRIPTOMIC,Mus musculus,ILLUMINA,2017-02-21T00:00:00Z,GSM2370885,CD8+ T cell,SRP092407,C57BL/6,Tcm,Single Cell RNAseq,1A9,
SRR4785740,RNA-Seq,100,951187600,PRJNA352070,SAMN05963691,651249941,GEO,public,"sra,fastq","s3,ncbi,gs","gs.US,ncbi.public,s3.us-east-1",SRX2315971,GSM2370886,Illumina HiSeq 2500,SINGLE,cDNA,TRANSCRIPTOMIC,Mus musculus,ILLUMINA,2017-02-21T00:00:00Z,GSM2370886,CD8+ T cell,SRP092407,C57BL/6,Div1te,Single Cell RNAseq,D6,
SRR4785741,RNA-Seq,100,1336677800,PRJNA352070,SAMN05963690,883840880,GEO,public,"sra,fastq","gs,ncbi,s3","ncbi.public,gs.US,s3.us-east-1",SRX2315972,GSM2370887,Illumina HiSeq 2500,SINGLE,cDNA,TRANSCRIPTOMIC,Mus musculus,ILLUMINA,2017-02-21T00:00:00Z,GSM2370887,CD8+ T cell,SRP092407,C57BL/6,Day7,Single Cell RNAseq,,
SRR4785742,RNA-Seq,100,862303400,PRJNA352070,SAMN05963689,570236103,GEO,public,"fastq,sra","s3,gs,ncbi","gs.US,s3.us-east-1,ncbi.public",SRX2315973,GSM2370888,Illumina HiSeq 2500,SINGLE,cDNA,TRANSCRIPTOMIC,Mus musculus,ILLUMINA,2017-02-21T00:00:00Z,GSM2370888,CD8+ T cell,SRP092407,C57BL/6,Day7,Single Cell RNAseq,,
SRR4785743,RNA-Seq,100,881221200,PRJNA352070,SAMN05963688,584735454,GEO,public,"sra,fastq","s3,ncbi,gs","ncbi.public,gs.US,s3.us-east-1",SRX2315974,GSM2370889,Illumina HiSeq 2500,SINGLE,cDNA,TRANSCRIPTOMIC,Mus musculus,ILLUMINA,2017-02-21T00:00:00Z,GSM2370889,CD8+ T cell,SRP092407,C57BL/6,Tcm,Single Cell RNAseq,,
SRR4785744,RNA-Seq,100,1068633600,PRJNA352070,SAMN05963687,725765050,GEO,public,"fastq,sra","ncbi,s3,gs","s3.us-east-1,ncbi.public,gs.US",SRX2315975,GSM2370890,Illumina HiSeq 2500,SINGLE,cDNA,TRANSCRIPTOMIC,Mus musculus,ILLUMINA,2017-02-21T00:00:00Z,GSM2370890,CD8+ T cell,SRP092407,C57BL/6,Tcm,Single Cell RNAseq,,
SRR4785745,RNA-Seq,100,1623387100,PRJNA352070,SAMN05963686,1081267849,GEO,public,"sra,fastq","s3,gs,ncbi","ncbi.public,s3.us-east-1,gs.US",SRX2315976,GSM2370891,Illumina HiSeq 2500,SINGLE,cDNA,TRANSCRIPTOMIC,Mus musculus,ILLUMINA,2017-02-21T00:00:00Z,GSM2370891,CD8+ T cell,SRP092407,C57BL/6,Tem,Single Cell RNAseq,,
SRR4785746,RNA-Seq,100,1021845000,PRJNA352070,SAMN05963685,681639534,GEO,public,"sra,fastq","s3,gs,ncbi","ncbi.public,gs.US,s3.us-east-1",SRX2315977,GSM2370892,Illumina HiSeq 2500,SINGLE,cDNA,TRANSCRIPTOMIC,Mus musculus,ILLUMINA,2017-02-21T00:00:00Z,GSM2370892,CD8+ T cell,SRP092407,C57BL/6,Tem,Single Cell RNAseq,,
SRR4785747,RNA-Seq,100,1136905000,PRJNA352070,SAMN05963684,757551866,GEO,public,"sra,fastq","gs,s3,ncbi","ncbi.public,s3.us-east-1,gs.US",SRX2315978,GSM2370893,Illumina HiSeq 2500,SINGLE,cDNA,TRANSCRIPTOMIC,Mus musculus,ILLUMINA,2017-02-21T00:00:00Z,GSM2370893,CD8+ T cell,SRP092407,C57BL/6,Tem,Single Cell RNAseq,2G2,
SRR4785748,RNA-Seq,100,1211900700,PRJNA352070,SAMN05963683,806676571,GEO,public,"fastq,sra","gs,s3,ncbi","s3.us-east-1,ncbi.public,gs.US",SRX2315979,GSM2370894,Illumina HiSeq 2500,SINGLE,cDNA,TRANSCRIPTOMIC,Mus musculus,ILLUMINA,2017-02-21T00:00:00Z,GSM2370894,CD8+ T cell,SRP092407,C57BL/6,Tem,Single Cell RNAseq,2C1,
SRR4785749,RNA-Seq,100,1446541000,PRJNA352070,SAMN05963682,959426976,GEO,public,"fastq,sra","gs,s3,ncbi","s3.us-east-1,gs.US,ncbi.public",SRX2315980,GSM2370895,Illumina HiSeq 2500,SINGLE,cDNA,TRANSCRIPTOMIC,Mus musculus,ILLUMINA,2017-02-21T00:00:00Z,GSM2370895,CD8+ T cell,SRP092407,C57BL/6,Div1te,Single Cell RNAseq,,
SRR4785750,RNA-Seq,100,2559066200,PRJNA352070,SAMN05963681,1699578344,GEO,public,"fastq,sra","gs,s3,ncbi","ncbi.public,gs.US,s3.us-east-1",SRX2315981,GSM2370896,Illumina HiSeq 2500,SINGLE,cDNA,TRANSCRIPTOMIC,Mus musculus,ILLUMINA,2017-02-21T00:00:00Z,GSM2370896,CD8+ T cell,SRP092407,C57BL/6,Div1te,Single Cell RNAseq,,
SRR4785751,RNA-Seq,100,1145630200,PRJNA352070,SAMN05963680,721429218,GEO,public,"sra,fastq","gs,s3,ncbi","gs.US,s3.us-east-1,ncbi.public",SRX2315982,GSM2370897,Illumina HiSeq 2500,SINGLE,cDNA,TRANSCRIPTOMIC,Mus musculus,ILLUMINA,2017-02-21T00:00:00Z,GSM2370897,CD8+ T cell,SRP092407,C57BL/6,Div1mem,Single Cell RNAseq,1E3,
SRR4785752,RNA-Seq,100,1658091400,PRJNA352070,SAMN05963679,1137386302,GEO,public,"fastq,sra","ncbi,gs,s3","gs.US,ncbi.public,s3.us-east-1",SRX2315983,GSM2370898,Illumina HiSeq 2500,SINGLE,cDNA,TRANSCRIPTOMIC,Mus musculus,ILLUMINA,2017-02-21T00:00:00Z,GSM2370898,CD8+ T cell,SRP092407,C57BL/6,Div1te,Single Cell RNAseq,2B6,
SRR4785753,RNA-Seq,100,1413042200,PRJNA352070,SAMN05963678,963698570,GEO,public,"sra,fastq","gs,ncbi,s3","s3.us-east-1,ncbi.public,gs.US",SRX2315984,GSM2370899,Illumina HiSeq 2500,SINGLE,cDNA,TRANSCRIPTOMIC,Mus musculus,ILLUMINA,2017-02-21T00:00:00Z,GSM2370899,CD8+ T cell,SRP092407,C57BL/6,Day7,Single Cell RNAseq,,
SRR4785754,RNA-Seq,100,1174337200,PRJNA352070,SAMN05963677,787719489,GEO,public,"sra,fastq","gs,s3,ncbi","ncbi.public,s3.us-east-1,gs.US",SRX2315985,GSM2370900,Illumina HiSeq 2500,SINGLE,cDNA,TRANSCRIPTOMIC,Mus musculus,ILLUMINA,2017-02-21T00:00:00Z,GSM2370900,CD8+ T cell,SRP092407,C57BL/6,Day7,Single Cell RNAseq,,
SRR4785755,RNA-Seq,100,2004824500,PRJNA352070,SAMN05963676,1362550164,GEO,public,"sra,fastq","gs,ncbi,s3","gs.US,s3.us-east-1,ncbi.public",SRX2315986,GSM2370901,Illumina HiSeq 2500,SINGLE,cDNA,TRANSCRIPTOMIC,Mus musculus,ILLUMINA,2017-02-21T00:00:00Z,GSM2370901,CD8+ T cell,SRP092407,C57BL/6,Tcm,Single Cell RNAseq,,
SRR4785756,RNA-Seq,100,2360539500,PRJNA352070,SAMN05963621,1600415963,GEO,public,"fastq,sra","s3,gs,ncbi","ncbi.public,s3.us-east-1,gs.US",SRX2315987,GSM2370902,Illumina HiSeq 2500,SINGLE,cDNA,TRANSCRIPTOMIC,Mus musculus,ILLUMINA,2017-02-21T00:00:00Z,GSM2370902,CD8+ T cell,SRP092407,C57BL/6,Tcm,Single Cell RNAseq,,
SRR4785757,RNA-Seq,100,2090851800,PRJNA352070,SAMN05963620,1449278029,GEO,public,"fastq,sra","gs,ncbi,s3","ncbi.public,s3.us-east-1,gs.US",SRX2315988,GSM2370903,Illumina HiSeq 2500,SINGLE,cDNA,TRANSCRIPTOMIC,Mus musculus,ILLUMINA,2017-02-21T00:00:00Z,GSM2370903,CD8+ T cell,SRP092407,C57BL/6,Tem,Single Cell RNAseq,,
SRR4785758,RNA-Seq,100,1736726600,PRJNA352070,SAMN05963619,1202594743,GEO,public,"fastq,sra","gs,ncbi,s3","s3.us-east-1,gs.US,ncbi.public",SRX2315989,GSM2370904,Illumina HiSeq 2500,SINGLE,cDNA,TRANSCRIPTOMIC,Mus musculus,ILLUMINA,2017-02-21T00:00:00Z,GSM2370904,CD8+ T cell,SRP092407,C57BL/6,Tem,Single Cell RNAseq,,
SRR4785759,RNA-Seq,100,999659100,PRJNA352070,SAMN05963618,681392902,GEO,public,"fastq,sra","ncbi,gs,s3","gs.US,ncbi.public,s3.us-east-1",SRX2315990,GSM2370905,Illumina HiSeq 2500,SINGLE,cDNA,TRANSCRIPTOMIC,Mus musculus,ILLUMINA,2017-02-21T00:00:00Z,GSM2370905,CD8+ T cell,SRP092407,C57BL/6,Tem,Single Cell RNAseq,2A1,
SRR4785760,RNA-Seq,100,2298725400,PRJNA352070,SAMN05963617,1562240302,GEO,public,"sra,fastq","gs,s3,ncbi","ncbi.public,s3.us-east-1,gs.US",SRX2315991,GSM2370906,Illumina HiSeq 2500,SINGLE,cDNA,TRANSCRIPTOMIC,Mus musculus,ILLUMINA,2017-02-21T00:00:00Z,GSM2370906,CD8+ T cell,SRP092407,C57BL/6,Tem,Single Cell RNAseq,2D2,
SRR4785761,RNA-Seq,100,1227562100,PRJNA352070,SAMN05963616,837004691,GEO,public,"fastq,sra","s3,gs,ncbi","gs.US,s3.us-east-1,ncbi.public",SRX2315992,GSM2370907,Illumina HiSeq 2500,SINGLE,cDNA,TRANSCRIPTOMIC,Mus musculus,ILLUMINA,2017-02-21T00:00:00Z,GSM2370907,CD8+ T cell,SRP092407,C57BL/6,Div1te,Single Cell RNAseq,,
SRR4785762,RNA-Seq,100,1345295500,PRJNA352070,SAMN05963615,913640443,GEO,public,"fastq,sra","ncbi,s3,gs","gs.US,s3.us-east-1,ncbi.public",SRX2315993,GSM2370908,Illumina HiSeq 2500,SINGLE,cDNA,TRANSCRIPTOMIC,Mus musculus,ILLUMINA,2017-02-21T00:00:00Z,GSM2370908,CD8+ T cell,SRP092407,C57BL/6,Div1mem,Single Cell RNAseq,,
SRR4785763,RNA-Seq,100,542743700,PRJNA352070,SAMN05963614,364399953,GEO,public,"sra,fastq,contigs","ncbi,gs,s3","ncbi.public,gs.US,s3.us-east-1",SRX2315994,GSM2370909,Illumina HiSeq 2500,SINGLE,cDNA,TRANSCRIPTOMIC,Mus musculus,ILLUMINA,2017-02-21T00:00:00Z,GSM2370909,CD8+ T cell,SRP092407,C57BL/6,Div1te,Single Cell RNAseq,1A4,
SRR4785764,RNA-Seq,100,1117710400,PRJNA352070,SAMN05963613,726034740,GEO,public,"sra,fastq","s3,ncbi,gs","gs.US,s3.us-east-1,ncbi.public",SRX2315995,GSM2370910,Illumina HiSeq 2500,SINGLE,cDNA,TRANSCRIPTOMIC,Mus musculus,ILLUMINA,2017-02-21T00:00:00Z,GSM2370910,CD8+ T cell,SRP092407,C57BL/6,Div1te,Single Cell RNAseq,2D5,
SRR4785765,RNA-Seq,100,1685892000,PRJNA352070,SAMN05963612,1089999545,GEO,public,"fastq,sra","s3,ncbi,gs","gs.US,ncbi.public,s3.us-east-1",SRX2315996,GSM2370911,Illumina HiSeq 2500,SINGLE,cDNA,TRANSCRIPTOMIC,Mus musculus,ILLUMINA,2017-02-21T00:00:00Z,GSM2370911,CD8+ T cell,SRP092407,C57BL/6,Day7,Single Cell RNAseq,,
SRR4785766,RNA-Seq,100,1718994700,PRJNA352070,SAMN05963611,1094592390,GEO,public,"fastq,sra","gs,s3,ncbi","ncbi.public,gs.US,s3.us-east-1",SRX2315997,GSM2370912,Illumina HiSeq 2500,SINGLE,cDNA,TRANSCRIPTOMIC,Mus musculus,ILLUMINA,2017-02-21T00:00:00Z,GSM2370912,CD8+ T cell,SRP092407,C57BL/6,Day7,Single Cell RNAseq,,
SRR4785767,RNA-Seq,100,1534752500,PRJNA352070,SAMN05963610,987473599,GEO,public,"fastq,sra","ncbi,gs,s3","ncbi.public,gs.US,s3.us-east-1",SRX2315998,GSM2370913,Illumina HiSeq 2500,SINGLE,cDNA,TRANSCRIPTOMIC,Mus musculus,ILLUMINA,2017-02-21T00:00:00Z,GSM2370913,CD8+ T cell,SRP092407,C57BL/6,Tcm,Single Cell RNAseq,,
SRR4785768,RNA-Seq,100,1214953200,PRJNA352070,SAMN05963609,802824300,GEO,public,"sra,fastq","s3,gs,ncbi","ncbi.public,gs.US,s3.us-east-1",SRX2315999,GSM2370914,Illumina HiSeq 2500,SINGLE,cDNA,TRANSCRIPTOMIC,Mus musculus,ILLUMINA,2017-02-21T00:00:00Z,GSM2370914,CD8+ T cell,SRP092407,C57BL/6,Tcm,Single Cell RNAseq,,
SRR4785769,RNA-Seq,100,1961045100,PRJNA352070,SAMN05963608,1267125754,GEO,public,"fastq,sra","ncbi,s3,gs","gs.US,s3.us-east-1,ncbi.public",SRX2316000,GSM2370915,Illumina HiSeq 2500,SINGLE,cDNA,TRANSCRIPTOMIC,Mus musculus,ILLUMINA,2017-02-21T00:00:00Z,GSM2370915,CD8+ T cell,SRP092407,C57BL/6,Tem,Single Cell RNAseq,,
SRR4785770,RNA-Seq,100,1274193300,PRJNA352070,SAMN05963607,855578257,GEO,public,"fastq,sra","s3,gs,ncbi","ncbi.public,s3.us-east-1,gs.US",SRX2316001,GSM2370916,Illumina HiSeq 2500,SINGLE,cDNA,TRANSCRIPTOMIC,Mus musculus,ILLUMINA,2017-02-21T00:00:00Z,GSM2370916,CD8+ T cell,SRP092407,C57BL/6,Tem,Single Cell RNAseq,,
SRR4785771,RNA-Seq,100,737693300,PRJNA352070,SAMN05963606,471628393,GEO,public,"sra,fastq,contigs","gs,ncbi,s3","gs.US,s3.us-east-1,ncbi.public",SRX2316002,GSM2370917,Illumina HiSeq 2500,SINGLE,cDNA,TRANSCRIPTOMIC,Mus musculus,ILLUMINA,2017-02-21T00:00:00Z,GSM2370917,CD8+ T cell,SRP092407,C57BL/6,Tem,Single Cell RNAseq,2B2,
SRR4785772,RNA-Seq,100,1417132500,PRJNA352070,SAMN05963605,913312659,GEO,public,"sra,fastq","gs,ncbi,s3","s3.us-east-1,ncbi.public,gs.US",SRX2316003,GSM2370918,Illumina HiSeq 2500,SINGLE,cDNA,TRANSCRIPTOMIC,Mus musculus,ILLUMINA,2017-02-21T00:00:00Z,GSM2370918,CD8+ T cell,SRP092407,C57BL/6,Tem,Single Cell RNAseq,2A2,
SRR4785773,RNA-Seq,100,1123938300,PRJNA352070,SAMN05963604,723069623,GEO,public,"sra,fastq","gs,s3,ncbi","ncbi.public,gs.US,s3.us-east-1",SRX2316004,GSM2370919,Illumina HiSeq 2500,SINGLE,cDNA,TRANSCRIPTOMIC,Mus musculus,ILLUMINA,2017-02-21T00:00:00Z,GSM2370919,CD8+ T cell,SRP092407,C57BL/6,Div1mem,Single Cell RNAseq,,
SRR4785774,RNA-Seq,100,744590000,PRJNA352070,SAMN05963603,481220139,GEO,public,"sra,fastq,contigs","s3,ncbi,gs","s3.us-east-1,gs.US,ncbi.public",SRX2316005,GSM2370920,Illumina HiSeq 2500,SINGLE,cDNA,TRANSCRIPTOMIC,Mus musculus,ILLUMINA,2017-02-21T00:00:00Z,GSM2370920,CD8+ T cell,SRP092407,C57BL/6,Div1mem,Single Cell RNAseq,,
SRR4785775,RNA-Seq,100,1362142800,PRJNA352070,SAMN05963602,857564953,GEO,public,"fastq,sra","s3,ncbi,gs","gs.US,ncbi.public,s3.us-east-1",SRX2316006,GSM2370921,Illumina HiSeq 2500,SINGLE,cDNA,TRANSCRIPTOMIC,Mus musculus,ILLUMINA,2017-02-21T00:00:00Z,GSM2370921,CD8+ T cell,SRP092407,C57BL/6,Div1te,Single Cell RNAseq,1D3,
SRR4785776,RNA-Seq,100,1923216000,PRJNA352070,SAMN05963601,1270985487,GEO,public,"fastq,sra","s3,ncbi,gs","gs.US,ncbi.public,s3.us-east-1",SRX2316007,GSM2370922,Illumina HiSeq 2500,SINGLE,cDNA,TRANSCRIPTOMIC,Mus musculus,ILLUMINA,2017-02-21T00:00:00Z,GSM2370922,CD8+ T cell,SRP092407,C57BL/6,Div1mem,Single Cell RNAseq,2C5,
SRR4785777,RNA-Seq,100,1226260900,PRJNA352070,SAMN05963600,806782683,GEO,public,"sra,fastq","ncbi,gs,s3","s3.us-east-1,ncbi.public,gs.US",SRX2316008,GSM2370923,Illumina HiSeq 2500,SINGLE,cDNA,TRANSCRIPTOMIC,Mus musculus,ILLUMINA,2017-02-21T00:00:00Z,GSM2370923,CD8+ T cell,SRP092407,C57BL/6,Day7,Single Cell RNAseq,,
SRR4785778,RNA-Seq,100,1130018200,PRJNA352070,SAMN05963599,734446414,GEO,public,"fastq,sra","s3,ncbi,gs","s3.us-east-1,gs.US,ncbi.public",SRX2316009,GSM2370924,Illumina HiSeq 2500,SINGLE,cDNA,TRANSCRIPTOMIC,Mus musculus,ILLUMINA,2017-02-21T00:00:00Z,GSM2370924,CD8+ T cell,SRP092407,C57BL/6,Day7,Single Cell RNAseq,,
SRR4785779,RNA-Seq,100,1251544100,PRJNA352070,SAMN05963598,826820735,GEO,public,"fastq,sra","gs,ncbi,s3","gs.US,s3.us-east-1,ncbi.public",SRX2316010,GSM2370925,Illumina HiSeq 2500,SINGLE,cDNA,TRANSCRIPTOMIC,Mus musculus,ILLUMINA,2017-02-21T00:00:00Z,GSM2370925,CD8+ T cell,SRP092407,C57BL/6,Tcm,Single Cell RNAseq,,
SRR4785780,RNA-Seq,100,1644037900,PRJNA352070,SAMN05963597,1108329822,GEO,public,"sra,fastq","s3,gs,ncbi","ncbi.public,gs.US,s3.us-east-1",SRX2316011,GSM2370926,Illumina HiSeq 2500,SINGLE,cDNA,TRANSCRIPTOMIC,Mus musculus,ILLUMINA,2017-02-21T00:00:00Z,GSM2370926,CD8+ T cell,SRP092407,C57BL/6,Tcm,Single Cell RNAseq,,
SRR4785781,RNA-Seq,100,1503699000,PRJNA352070,SAMN05963596,998062587,GEO,public,"fastq,sra","ncbi,s3,gs","s3.us-east-1,gs.US,ncbi.public",SRX2316012,GSM2370927,Illumina HiSeq 2500,SINGLE,cDNA,TRANSCRIPTOMIC,Mus musculus,ILLUMINA,2017-02-21T00:00:00Z,GSM2370927,CD8+ T cell,SRP092407,C57BL/6,Tem,Single Cell RNAseq,,
SRR4785782,RNA-Seq,100,1234026400,PRJNA352070,SAMN05963595,816907000,GEO,public,"fastq,sra","s3,ncbi,gs","gs.US,ncbi.public,s3.us-east-1",SRX2316013,GSM2370928,Illumina HiSeq 2500,SINGLE,cDNA,TRANSCRIPTOMIC,Mus musculus,ILLUMINA,2017-02-21T00:00:00Z,GSM2370928,CD8+ T cell,SRP092407,C57BL/6,Tem,Single Cell RNAseq,,
SRR4785783,RNA-Seq,100,1641005200,PRJNA352070,SAMN05963594,1080571486,GEO,public,"fastq,sra","s3,gs,ncbi","ncbi.public,gs.US,s3.us-east-1",SRX2316014,GSM2370929,Illumina HiSeq 2500,SINGLE,cDNA,TRANSCRIPTOMIC,Mus musculus,ILLUMINA,2017-02-21T00:00:00Z,GSM2370929,CD8+ T cell,SRP092407,C57BL/6,Tem,Single Cell RNAseq,2F2,
SRR4785784,RNA-Seq,100,1480286200,PRJNA352070,SAMN05963593,981569356,GEO,public,"fastq,sra","s3,ncbi,gs","gs.US,ncbi.public,s3.us-east-1",SRX2316015,GSM2370930,Illumina HiSeq 2500,SINGLE,cDNA,TRANSCRIPTOMIC,Mus musculus,ILLUMINA,2017-02-21T00:00:00Z,GSM2370930,CD8+ T cell,SRP092407,C57BL/6,Tem,Single Cell RNAseq,2D1,
SRR4785785,RNA-Seq,100,1723573700,PRJNA352070,SAMN05963706,1128680964,GEO,public,"sra,fastq","ncbi,gs,s3","s3.us-east-1,ncbi.public,gs.US",SRX2316016,GSM2370931,Illumina HiSeq 2500,SINGLE,cDNA,TRANSCRIPTOMIC,Mus musculus,ILLUMINA,2017-02-21T00:00:00Z,GSM2370931,CD8+ T cell,SRP092407,C57BL/6,Div1mem,Single Cell RNAseq,,
SRR4785786,RNA-Seq,100,899463000,PRJNA352070,SAMN05963647,598722437,GEO,public,"sra,fastq","gs,s3,ncbi","gs.US,ncbi.public,s3.us-east-1",SRX2316017,GSM2370932,Illumina HiSeq 2500,SINGLE,cDNA,TRANSCRIPTOMIC,Mus musculus,ILLUMINA,2017-02-21T00:00:00Z,GSM2370932,CD8+ T cell,SRP092407,C57BL/6,Div1te,Single Cell RNAseq,,
SRR4785787,RNA-Seq,100,1152403000,PRJNA352070,SAMN05963643,724922078,GEO,public,"fastq,sra","ncbi,s3,gs","s3.us-east-1,ncbi.public,gs.US",SRX2316018,GSM2370933,Illumina HiSeq 2500,SINGLE,cDNA,TRANSCRIPTOMIC,Mus musculus,ILLUMINA,2017-02-21T00:00:00Z,GSM2370933,CD8+ T cell,SRP092407,C57BL/6,Div1mem,Single Cell RNAseq,1C4,
SRR4785788,RNA-Seq,100,1486873000,PRJNA352070,SAMN05963642,1016892089,GEO,public,"fastq,sra","s3,gs,ncbi","ncbi.public,s3.us-east-1,gs.US",SRX2316019,GSM2370934,Illumina HiSeq 2500,SINGLE,cDNA,TRANSCRIPTOMIC,Mus musculus,ILLUMINA,2017-02-21T00:00:00Z,GSM2370934,CD8+ T cell,SRP092407,C57BL/6,Div1te,Single Cell RNAseq,2A5,
SRR4785789,RNA-Seq,100,1127547000,PRJNA352070,SAMN05963641,764523508,GEO,public,"fastq,sra","gs,s3,ncbi","ncbi.public,s3.us-east-1,gs.US",SRX2316020,GSM2370935,Illumina HiSeq 2500,SINGLE,cDNA,TRANSCRIPTOMIC,Mus musculus,ILLUMINA,2017-02-21T00:00:00Z,GSM2370935,CD8+ T cell,SRP092407,C57BL/6,Day7,Single Cell RNAseq,,
SRR4785790,RNA-Seq,100,1126416700,PRJNA352070,SAMN05963640,748814966,GEO,public,"sra,fastq","s3,gs,ncbi","ncbi.public,gs.US,s3.us-east-1",SRX2316021,GSM2370936,Illumina HiSeq 2500,SINGLE,cDNA,TRANSCRIPTOMIC,Mus musculus,ILLUMINA,2017-02-21T00:00:00Z,GSM2370936,CD8+ T cell,SRP092407,C57BL/6,Day7,Single Cell RNAseq,,
SRR4785791,RNA-Seq,100,1438450300,PRJNA352070,SAMN05963646,981032923,GEO,public,"fastq,sra","gs,s3,ncbi","ncbi.public,s3.us-east-1,gs.US",SRX2316022,GSM2370937,Illumina HiSeq 2500,SINGLE,cDNA,TRANSCRIPTOMIC,Mus musculus,ILLUMINA,2017-02-21T00:00:00Z,GSM2370937,CD8+ T cell,SRP092407,C57BL/6,Tcm,Single Cell RNAseq,,
SRR4785792,RNA-Seq,100,1498378500,PRJNA352070,SAMN05963645,1025321998,GEO,public,"fastq,sra","ncbi,gs,s3","ncbi.public,s3.us-east-1,gs.US",SRX2316023,GSM2370938,Illumina HiSeq 2500,SINGLE,cDNA,TRANSCRIPTOMIC,Mus musculus,ILLUMINA,2017-02-21T00:00:00Z,GSM2370938,CD8+ T cell,SRP092407,C57BL/6,Tcm,Single Cell RNAseq,,
SRR4785793,RNA-Seq,100,2163129700,PRJNA352070,SAMN05963644,1486739632,GEO,public,"fastq,sra","s3,gs,ncbi","ncbi.public,gs.US,s3.us-east-1",SRX2316024,GSM2370939,Illumina HiSeq 2500,SINGLE,cDNA,TRANSCRIPTOMIC,Mus musculus,ILLUMINA,2017-02-21T00:00:00Z,GSM2370939,CD8+ T cell,SRP092407,C57BL/6,Tem,Single Cell RNAseq,,
SRR4785794,RNA-Seq,100,565455500,PRJNA352070,SAMN05963639,413943995,GEO,public,"fastq,sra,contigs","s3,ncbi,gs","s3.us-east-1,ncbi.public,gs.US",SRX2316025,GSM2370940,Illumina HiSeq 2500,SINGLE,cDNA,TRANSCRIPTOMIC,Mus musculus,ILLUMINA,2017-02-21T00:00:00Z,GSM2370940,CD8+ T cell,SRP092407,C57BL/6,Tem,Single Cell RNAseq,,
SRR4785795,RNA-Seq,100,956136400,PRJNA352070,SAMN05963638,641297618,GEO,public,"sra,fastq","gs,ncbi,s3","gs.US,s3.us-east-1,ncbi.public",SRX2316026,GSM2370941,Illumina HiSeq 2500,SINGLE,cDNA,TRANSCRIPTOMIC,Mus musculus,ILLUMINA,2017-02-21T00:00:00Z,GSM2370941,CD8+ T cell,SRP092407,C57BL/6,Naive,Single Cell RNAseq,2B3,
SRR4785796,RNA-Seq,100,1099704300,PRJNA352070,SAMN05963637,751798869,GEO,public,"sra,fastq","s3,ncbi,gs","gs.US,ncbi.public,s3.us-east-1",SRX2316027,GSM2370942,Illumina HiSeq 2500,SINGLE,cDNA,TRANSCRIPTOMIC,Mus musculus,ILLUMINA,2017-02-21T00:00:00Z,GSM2370942,CD8+ T cell,SRP092407,C57BL/6,Naive,Single Cell RNAseq,2E4,
SRR4785797,RNA-Seq,100,851248600,PRJNA352070,SAMN05963636,581925890,GEO,public,"sra,fastq","s3,gs,ncbi","gs.US,s3.us-east-1,ncbi.public",SRX2316028,GSM2370943,Illumina HiSeq 2500,SINGLE,cDNA,TRANSCRIPTOMIC,Mus musculus,ILLUMINA,2017-02-21T00:00:00Z,GSM2370943,CD8+ T cell,SRP092407,C57BL/6,Div1mem,Single Cell RNAseq,,
SRR4785798,RNA-Seq,100,2927083200,PRJNA352070,SAMN05963635,1985020669,GEO,public,"fastq,sra","ncbi,gs,s3","gs.US,ncbi.public,s3.us-east-1",SRX2316029,GSM2370944,Illumina HiSeq 2500,SINGLE,cDNA,TRANSCRIPTOMIC,Mus musculus,ILLUMINA,2017-02-21T00:00:00Z,GSM2370944,CD8+ T cell,SRP092407,C57BL/6,Div1te,Single Cell RNAseq,,
SRR4785799,RNA-Seq,100,1451707700,PRJNA352070,SAMN05963634,949936421,GEO,public,"fastq,sra","ncbi,gs,s3","ncbi.public,s3.us-east-1,gs.US",SRX2316030,GSM2370945,Illumina HiSeq 2500,SINGLE,cDNA,TRANSCRIPTOMIC,Mus musculus,ILLUMINA,2017-02-21T00:00:00Z,GSM2370945,CD8+ T cell,SRP092407,C57BL/6,Div1te,Single Cell RNAseq,2E5,
SRR4785800,RNA-Seq,100,831803700,PRJNA352070,SAMN05963633,593208871,GEO,public,"sra,fastq","s3,ncbi,gs","gs.US,ncbi.public,s3.us-east-1",SRX2316031,GSM2370946,Illumina HiSeq 2500,SINGLE,cDNA,TRANSCRIPTOMIC,Mus musculus,ILLUMINA,2017-02-21T00:00:00Z,GSM2370946,CD8+ T cell,SRP092407,C57BL/6,Div1te,Single Cell RNAseq,2C6,
SRR4785801,RNA-Seq,100,1367103900,PRJNA352070,SAMN05963632,928322470,GEO,public,"fastq,sra","ncbi,gs,s3","gs.US,ncbi.public,s3.us-east-1",SRX2316032,GSM2370947,Illumina HiSeq 2500,SINGLE,cDNA,TRANSCRIPTOMIC,Mus musculus,ILLUMINA,2017-02-21T00:00:00Z,GSM2370947,CD8+ T cell,SRP092407,C57BL/6,Day7,Single Cell RNAseq,,
SRR4785802,RNA-Seq,100,1269485400,PRJNA352070,SAMN05963631,844884729,GEO,public,"sra,fastq","ncbi,s3,gs","gs.US,ncbi.public,s3.us-east-1",SRX2316033,GSM2370948,Illumina HiSeq 2500,SINGLE,cDNA,TRANSCRIPTOMIC,Mus musculus,ILLUMINA,2017-02-21T00:00:00Z,GSM2370948,CD8+ T cell,SRP092407,C57BL/6,Day7,Single Cell RNAseq,,
SRR4785803,RNA-Seq,100,992350200,PRJNA352070,SAMN05963630,713748538,GEO,public,"sra,fastq","gs,s3,ncbi","ncbi.public,s3.us-east-1,gs.US",SRX2316034,GSM2370949,Illumina HiSeq 2500,SINGLE,cDNA,TRANSCRIPTOMIC,Mus musculus,ILLUMINA,2017-02-21T00:00:00Z,GSM2370949,CD8+ T cell,SRP092407,C57BL/6,Tcm,Single Cell RNAseq,,
SRR4785804,RNA-Seq,100,1231692400,PRJNA352070,SAMN05963629,871349483,GEO,public,"sra,fastq","gs,ncbi,s3","ncbi.public,s3.us-east-1,gs.US",SRX2316035,GSM2370950,Illumina HiSeq 2500,SINGLE,cDNA,TRANSCRIPTOMIC,Mus musculus,ILLUMINA,2017-02-21T00:00:00Z,GSM2370950,CD8+ T cell,SRP092407,C57BL/6,Tcm,Single Cell RNAseq,,
SRR4785805,RNA-Seq,100,1417786100,PRJNA352070,SAMN05963628,970264947,GEO,public,"fastq,sra","ncbi,s3,gs","s3.us-east-1,gs.US,ncbi.public",SRX2316036,GSM2370951,Illumina HiSeq 2500,SINGLE,cDNA,TRANSCRIPTOMIC,Mus musculus,ILLUMINA,2017-02-21T00:00:00Z,GSM2370951,CD8+ T cell,SRP092407,C57BL/6,Tem,Single Cell RNAseq,,
SRR4785806,RNA-Seq,100,1414196400,PRJNA352070,SAMN05963627,979803730,GEO,public,"fastq,sra","ncbi,gs,s3","gs.US,s3.us-east-1,ncbi.public",SRX2316037,GSM2370952,Illumina HiSeq 2500,SINGLE,cDNA,TRANSCRIPTOMIC,Mus musculus,ILLUMINA,2017-02-21T00:00:00Z,GSM2370952,CD8+ T cell,SRP092407,C57BL/6,Tem,Single Cell RNAseq,,
SRR4785807,RNA-Seq,100,1567582900,PRJNA352070,SAMN05963626,1053911512,GEO,public,"sra,fastq","gs,ncbi,s3","s3.us-east-1,ncbi.public,gs.US",SRX2316038,GSM2370953,Illumina HiSeq 2500,SINGLE,cDNA,TRANSCRIPTOMIC,Mus musculus,ILLUMINA,2017-02-21T00:00:00Z,GSM2370953,CD8+ T cell,SRP092407,C57BL/6,Day7,Single Cell RNAseq,2B9,
SRR4785808,RNA-Seq,100,552614700,PRJNA352070,SAMN05963625,398099370,GEO,public,"sra,fastq,contigs","gs,ncbi,s3","ncbi.public,gs.US,s3.us-east-1",SRX2316039,GSM2370954,Illumina HiSeq 2500,SINGLE,cDNA,TRANSCRIPTOMIC,Mus musculus,ILLUMINA,2017-02-21T00:00:00Z,GSM2370954,CD8+ T cell,SRP092407,C57BL/6,Day7,Single Cell RNAseq,2A10,
SRR4785809,RNA-Seq,100,1638230600,PRJNA352070,SAMN05963624,1121322967,GEO,public,"sra,fastq","gs,s3,ncbi","ncbi.public,s3.us-east-1,gs.US",SRX2316040,GSM2370955,Illumina HiSeq 2500,SINGLE,cDNA,TRANSCRIPTOMIC,Mus musculus,ILLUMINA,2017-02-21T00:00:00Z,GSM2370955,CD8+ T cell,SRP092407,C57BL/6,Div1te,Single Cell RNAseq,,
SRR4785810,RNA-Seq,100,3424833500,PRJNA352070,SAMN05963623,2312085588,GEO,public,"sra,fastq","ncbi,s3,gs","ncbi.public,gs.US,s3.us-east-1",SRX2316041,GSM2370956,Illumina HiSeq 2500,SINGLE,cDNA,TRANSCRIPTOMIC,Mus musculus,ILLUMINA,2017-02-21T00:00:00Z,GSM2370956,CD8+ T cell,SRP092407,C57BL/6,Div1mem,Single Cell RNAseq,,
SRR4785811,RNA-Seq,100,887361000,PRJNA352070,SAMN05963622,570980104,GEO,public,"sra,fastq","s3,ncbi,gs","ncbi.public,gs.US,s3.us-east-1",SRX2316042,GSM2370957,Illumina HiSeq 2500,SINGLE,cDNA,TRANSCRIPTOMIC,Mus musculus,ILLUMINA,2017-02-21T00:00:00Z,GSM2370957,CD8+ T cell,SRP092407,C57BL/6,Div1te,Single Cell RNAseq,2F5,
